<?xml version="1.0" encoding="UTF-8"?>
<OrderResponse xmlns="urn:oasis:names:specification:ubl:schema:xsd:OrderResponse-2"
			   xmlns:cac="urn:oasis:names:specification:ubl:schema:xsd:CommonAggregateComponents-2"
			   xmlns:cbc="urn:oasis:names:specification:ubl:schema:xsd:CommonBasicComponents-2">
	<cbc:CustomizationID>urn:fdc:peppol.eu:poacc:trns:order_agreement:3:restrictive:urn:www.agid.gov.it:trns:ordine_preconcordato:3.0</cbc:CustomizationID>
	<cbc:ProfileID>urn:fdc:peppol.eu:poacc:bis:order_agreement:3</cbc:ProfileID>
	<cbc:ID>42_I02_2019</cbc:ID>
	<cbc:SalesOrderID>101-111</cbc:SalesOrderID>
	<cbc:IssueDate>2019-06-12</cbc:IssueDate>
	<cbc:IssueTime>06:10:10</cbc:IssueTime>
	<cbc:Note>ESEMPIO ORDINE PRE-CONCORDATO</cbc:Note>
	<cbc:DocumentCurrencyCode>EUR</cbc:DocumentCurrencyCode>
	<cac:OrderReference>
		<cbc:ID>0</cbc:ID>
	</cac:OrderReference>
	<cac:OriginatorDocumentReference>
		<cbc:ID>2902205F50</cbc:ID>
	</cac:OriginatorDocumentReference>
	<cac:AdditionalDocumentReference>
		<cbc:ID>147852</cbc:ID>
		<cbc:DocumentType>Timesheet</cbc:DocumentType>
		<cac:Attachment>
			<cbc:EmbeddedDocumentBinaryObject mimeCode="image/tiff" filename="hours-spend.csv">UjBsR09EbGhjZ0dTQUxNQUFBUUNBRU1tQ1p0dU1GUXhEUzhi</cbc:EmbeddedDocumentBinaryObject>
			<cac:ExternalReference>
				<cbc:URI>http://www.example.com/index.html</cbc:URI>
			</cac:ExternalReference>
		</cac:Attachment>
	</cac:AdditionalDocumentReference>
	<cac:SellerSupplierParty>
		<cac:Party>
			<cbc:EndpointID schemeID="9906">IT00880711007</cbc:EndpointID>
			<cac:PartyIdentification>
				<cbc:ID>PIVA:00880711007</cbc:ID>
			</cac:PartyIdentification>
			<cac:PostalAddress>
				<cbc:StreetName>Via Salaria 691</cbc:StreetName>
				<cbc:CityName>Roma</cbc:CityName>
				<cbc:PostalZone>00138</cbc:PostalZone>
				<cbc:CountrySubentity>RM</cbc:CountrySubentity>
				<cac:Country>
					<cbc:IdentificationCode>IT</cbc:IdentificationCode>
				</cac:Country>
			</cac:PostalAddress>
			<cac:PartyLegalEntity>
				<cbc:RegistrationName>Istituto Poligrafico e Zecca dello Stato</cbc:RegistrationName>
			</cac:PartyLegalEntity>
		</cac:Party>
	</cac:SellerSupplierParty>
	<cac:BuyerCustomerParty>
		<cac:Party>
			<cbc:EndpointID schemeID="0201">B9BGAQ</cbc:EndpointID>
			<cac:PartyIdentification>
				<cbc:ID>PIVA:02483810392</cbc:ID>
			</cac:PartyIdentification>
			<cac:PostalAddress>
				<cbc:StreetName>Via Albertoni, 15</cbc:StreetName>
				<cbc:CityName>Bologna</cbc:CityName>
				<cbc:PostalZone>40138</cbc:PostalZone>
				<cbc:CountrySubentity>BO</cbc:CountrySubentity>
				<cac:Country>
					<cbc:IdentificationCode>IT</cbc:IdentificationCode>
				</cac:Country>
			</cac:PostalAddress>
			<cac:PartyLegalEntity>
				<cbc:RegistrationName>AUSL della Romagna</cbc:RegistrationName>
			</cac:PartyLegalEntity>
		</cac:Party>
	</cac:BuyerCustomerParty>
	<cac:OrderLine>
		<cac:LineItem>
			<cbc:ID>1</cbc:ID>
			<cbc:Note>Servizio di stampa Ricettario</cbc:Note>
			<cbc:Quantity unitCode="C62">1</cbc:Quantity>
			<cbc:LineExtensionAmount currencyID="EUR">50.00</cbc:LineExtensionAmount>
			<cac:Delivery>
			<cbc:Quantity unitCode="C62">1.00</cbc:Quantity>
				<cac:PromisedDeliveryPeriod>
					<cbc:StartDate>2019-10-01</cbc:StartDate>
					<cbc:EndDate>2019-10-31</cbc:EndDate>
				</cac:PromisedDeliveryPeriod>
			</cac:Delivery>
			<cac:Price>
				<cbc:PriceAmount currencyID="EUR">50.00</cbc:PriceAmount>
				<cbc:BaseQuantity unitCode="C62">1</cbc:BaseQuantity>
			</cac:Price>
			<cac:Item>
				<cbc:Name>Servizio di stampa Ricettario</cbc:Name>
				<cac:SellersItemIdentification>
					<cbc:ID>3249834</cbc:ID>
				</cac:SellersItemIdentification>
				<cac:StandardItemIdentification>
					<cbc:ID schemeID="0160">7560000012345</cbc:ID>
				</cac:StandardItemIdentification>
			</cac:Item>
		</cac:LineItem>
	</cac:OrderLine>
</OrderResponse>
