<?xml version="1.0" encoding="UTF-8"?>
<OrderResponse xmlns:xs="http://www.w3.org/2001/XMLSchema"		xmlns="urn:oasis:names:specification:ubl:schema:xsd:OrderResponse-2"		xmlns:cac="urn:oasis:names:specification:ubl:schema:xsd:CommonAggregateComponents-2"		xmlns:cbc="urn:oasis:names:specification:ubl:schema:xsd:CommonBasicComponents-2">
  <cbc:CustomizationID>urn:fdc:peppol.eu:poacc:trns:order_response:3:restrictive:urn:www.agid.gov.it:trns:risposta_ordine:3.0</cbc:CustomizationID>
  <cbc:ProfileID>urn:fdc:peppol.eu:poacc:bis:ordering:3</cbc:ProfileID>
  <cbc:ID>2018/10021125</cbc:ID>
  <cbc:SalesOrderID>112233</cbc:SalesOrderID>
  <cbc:IssueDate>2018-09-21</cbc:IssueDate>
  <cbc:IssueTime>09:23:56</cbc:IssueTime>
  <cbc:OrderResponseCode>CA</cbc:OrderResponseCode>
  <cbc:Note>nota in testata ordine accettato</cbc:Note>
  <cbc:DocumentCurrencyCode>EUR</cbc:DocumentCurrencyCode>
  <!--CODELIST CORRETE PROVA-->
  <cac:OrderReference>
    <cbc:ID>34#2018-07-20#ABACOO</cbc:ID>
  </cac:OrderReference>
  <cac:SellerSupplierParty>
    <cac:Party>
      <cbc:EndpointID schemeID="9906">IT07643520567</cbc:EndpointID>
      <cac:PartyIdentification>
        <cbc:ID >PIVA:IT07643520567</cbc:ID>
      </cac:PartyIdentification>
      <cac:PartyLegalEntity>
        <cbc:RegistrationName>Fornitore S.p.A.</cbc:RegistrationName>
      </cac:PartyLegalEntity>
    </cac:Party>
  </cac:SellerSupplierParty>
  <cac:BuyerCustomerParty>
    <cac:Party>
      <cbc:EndpointID schemeID="0201">ABACOO</cbc:EndpointID>
      <cac:PartyIdentification>
        <cbc:ID>PIVA:IT07673570539</cbc:ID>
      </cac:PartyIdentification>
      <cac:PartyLegalEntity>
        <cbc:RegistrationName>Compratore S.p.A.</cbc:RegistrationName>
      </cac:PartyLegalEntity>
    </cac:Party>
  </cac:BuyerCustomerParty>
  <cac:OrderLine>
    <cac:LineItem>
      <cbc:ID>1</cbc:ID>
      <cbc:Note>Descrizione a testo libero del prodotto A</cbc:Note>
      <cbc:LineStatusCode>5</cbc:LineStatusCode>
      <cac:Price>
        <cbc:PriceAmount currencyID="EUR">50.00</cbc:PriceAmount>
        <cbc:BaseQuantity unitCode="C62">1</cbc:BaseQuantity>
      </cac:Price>
      <cac:Item>
        <cbc:Name>Prodotto A</cbc:Name>
        <cac:SellersItemIdentification>
          <cbc:ID>Pr00A</cbc:ID>
        </cac:SellersItemIdentification>
      </cac:Item>
    </cac:LineItem>
    <cac:OrderLineReference>
      <cbc:LineID>1</cbc:LineID>
    </cac:OrderLineReference>
  </cac:OrderLine>
  <!--seconda riga condfermata-->
  <cac:OrderLine>
    <cac:LineItem>
      <cbc:ID>1</cbc:ID>
      <cbc:Note>Descrizione a testo libero del prodotto B</cbc:Note>
      <cbc:LineStatusCode>5</cbc:LineStatusCode>
      <cac:Price>
        <cbc:PriceAmount currencyID="EUR">75.00</cbc:PriceAmount>
        <cbc:BaseQuantity unitCode="C62">4</cbc:BaseQuantity>
      </cac:Price>
      <cac:Item>
        <cbc:Name>Prodotto B</cbc:Name>
        <cac:SellersItemIdentification>
          <cbc:ID>Pr00B</cbc:ID>
        </cac:SellersItemIdentification>
      </cac:Item>
    </cac:LineItem>
    <cac:OrderLineReference>
      <cbc:LineID>1</cbc:LineID>
    </cac:OrderLineReference>
  </cac:OrderLine>
</OrderResponse>
