<?xml version="1.0" encoding="UTF-8"?>
<DespatchAdvice xmlns="urn:oasis:names:specification:ubl:schema:xsd:DespatchAdvice-2"
	xmlns:cac="urn:oasis:names:specification:ubl:schema:xsd:CommonAggregateComponents-2"
	xmlns:cbc="urn:oasis:names:specification:ubl:schema:xsd:CommonBasicComponents-2">
	<cbc:CustomizationID>urn:fdc:peppol.eu:poacc:trns:despatch_advice:3:extended:urn:www.agid.gov.it:trns:ddt:3.1</cbc:CustomizationID>
	<cbc:ProfileID>urn:fdc:peppol.eu:poacc:bis:despatch_advice:3</cbc:ProfileID>
	<cbc:ID>04_DDT_BIS3_V02_B2G</cbc:ID>
	<cbc:IssueDate>2023-01-01</cbc:IssueDate>
	<cbc:IssueTime>08:00:50</cbc:IssueTime>
	<cbc:Note>Prova Note in Testata</cbc:Note>
	<cac:OrderReference>
		<cbc:ID>ORD01#2022-12-01#O92KTP</cbc:ID>
	</cac:OrderReference>
	<cac:DespatchSupplierParty>
		<cac:Party>
			<cbc:EndpointID schemeID="0211">IT02188520544</cbc:EndpointID>
			<cac:PartyIdentification>
				<cbc:ID schemeID="0211">IT02188520544</cbc:ID>
			</cac:PartyIdentification>
			<cac:PostalAddress>
				<cbc:StreetName>Via Lucio Dalla 1</cbc:StreetName>
				<cbc:AdditionalStreetName>Palazzo C</cbc:AdditionalStreetName>
				<cbc:CityName>Bologna</cbc:CityName>
				<cbc:PostalZone>40121</cbc:PostalZone>
				<cbc:CountrySubentity>BO</cbc:CountrySubentity>
				<cac:Country>
					<cbc:IdentificationCode>IT</cbc:IdentificationCode>
				</cac:Country>
			</cac:PostalAddress>
			<cac:PartyLegalEntity>
				<cbc:RegistrationName>Fornitore SPA</cbc:RegistrationName>
			</cac:PartyLegalEntity>
			<cac:Contact>
				<cbc:Name>Deposito Logistica Integrata</cbc:Name>
				<cbc:Telephone>029506981</cbc:Telephone>
			</cac:Contact>
		</cac:Party>
	</cac:DespatchSupplierParty>
	<cac:DeliveryCustomerParty>
		<cac:Party>
			<cbc:EndpointID schemeID="0201">O92KTP</cbc:EndpointID>
			<cac:PartyIdentification>
				<cbc:ID schemeID="0210">01598570354</cbc:ID>
			</cac:PartyIdentification>
			<cac:PostalAddress>
				<cbc:StreetName>Via del Pozzo 71</cbc:StreetName>
				<cbc:CityName>Modena</cbc:CityName>
				<cbc:PostalZone>41124</cbc:PostalZone>
				<cbc:CountrySubentity>MO</cbc:CountrySubentity>
				<cac:Country>
					<cbc:IdentificationCode>IT</cbc:IdentificationCode>
				</cac:Country>
			</cac:PostalAddress>
			<cac:PartyLegalEntity>
				<cbc:RegistrationName>Azienda Ospedaliero-Universitaria di Modena</cbc:RegistrationName>
			</cac:PartyLegalEntity>
		</cac:Party>
		<cac:DeliveryContact>
			<cbc:Name>Mario Rossi</cbc:Name>
			<cbc:Telephone>05155999</cbc:Telephone>
			<cbc:ElectronicMail>m.rossi@aospmodena.it</cbc:ElectronicMail>
		</cac:DeliveryContact>
	</cac:DeliveryCustomerParty>
	<cac:BuyerCustomerParty>
		<cac:Party>
			<cac:PartyIdentification>
				<cbc:ID schemeID="0210">01598570354</cbc:ID>
			</cac:PartyIdentification>
			<cac:PartyName>
				<cbc:Name>Azienda Ospedaliero-Universitaria di Modena</cbc:Name>
			</cac:PartyName>
			<cac:PostalAddress>
				<cbc:StreetName>Via del Pozzo 71</cbc:StreetName>
				<cbc:CityName>Modena</cbc:CityName>
				<cbc:PostalZone>41124</cbc:PostalZone>
				<cbc:CountrySubentity>MO</cbc:CountrySubentity>
				<cac:Country>
					<cbc:IdentificationCode>IT</cbc:IdentificationCode>
				</cac:Country>
			</cac:PostalAddress>
		</cac:Party>
	</cac:BuyerCustomerParty>
	<cac:SellerSupplierParty>
		<cac:Party>
			<cac:PartyIdentification>
				<cbc:ID schemeID="0211">IT02188520544</cbc:ID>
			</cac:PartyIdentification>
			<cac:PartyName>
				<cbc:Name>Fornitore S.p.A</cbc:Name>
			</cac:PartyName>
			<cac:PostalAddress>
				<cbc:StreetName>Via Lucio Dalla 1</cbc:StreetName>
				<cbc:CityName>Bologna</cbc:CityName>
				<cbc:PostalZone>40121</cbc:PostalZone>
				<cbc:CountrySubentity>BO</cbc:CountrySubentity>
				<cac:Country>
					<cbc:IdentificationCode>IT</cbc:IdentificationCode>
				</cac:Country>
			</cac:PostalAddress>
		</cac:Party>
	</cac:SellerSupplierParty>
	<cac:OriginatorCustomerParty>
		<cac:Party>
			<cac:PartyName>
				<cbc:Name>Unità Organizzativa di Chirurgia</cbc:Name>
			</cac:PartyName>
		</cac:Party>
	</cac:OriginatorCustomerParty>
	<cac:Shipment>
		<cbc:ID>AB01</cbc:ID>
		<cbc:Information>Descrizione Spedizione</cbc:Information>
		<cbc:GrossWeightMeasure unitCode="KGM">100</cbc:GrossWeightMeasure>
		<cbc:GrossVolumeMeasure unitCode="MTQ">15</cbc:GrossVolumeMeasure>
		<cbc:TotalTransportHandlingUnitQuantity>25</cbc:TotalTransportHandlingUnitQuantity>
		<cac:Consignment>
			<cbc:ID>SPED100</cbc:ID>
			<cbc:Information>Veicolo AUTOCARRO</cbc:Information>
			<cac:CarrierParty>
				<cac:PartyIdentification>
					<cbc:ID schemeID="0211">IT00204260285</cbc:ID>
				</cac:PartyIdentification>
				<cac:PartyName>
					<cbc:Name>EURODIFARM SRL</cbc:Name>
				</cac:PartyName>
				<cac:PostalAddress>
					<cbc:StreetName>Via Europa 100</cbc:StreetName>
					<cbc:AdditionalStreetName>Palazzo A</cbc:AdditionalStreetName>
					<cbc:CityName>Bologna</cbc:CityName>
					<cbc:PostalZone>40121</cbc:PostalZone>
					<cbc:CountrySubentity>BO</cbc:CountrySubentity>
					<cac:Country>
						<cbc:IdentificationCode>IT</cbc:IdentificationCode>
					</cac:Country>
				</cac:PostalAddress>
				<cac:Person>
					<cac:IdentityDocumentReference>
						<cbc:ID>PAT123456</cbc:ID>
						<cbc:DocumentType>PATENTE</cbc:DocumentType>
					</cac:IdentityDocumentReference>
				</cac:Person>
			</cac:CarrierParty>
		</cac:Consignment>
		<cac:Delivery>
			<cbc:TrackingID>Merce10</cbc:TrackingID>
			<cac:Despatch>
				<cac:DespatchAddress>
					<cac:ID>01598570354-MOD095</cac:ID>
					<cbc:StreetName>Via Grecia 4</cbc:StreetName>
					<cbc:AdditionalStreetName>Ingresso B</cbc:AdditionalStreetName>
					<cbc:CityName>Modena</cbc:CityName>
					<cbc:PostalZone>41124</cbc:PostalZone>
					<cbc:CountrySubentity>MO</cbc:CountrySubentity>
					<cac:AddressLine>
						<cbc:Line>Magazzino Unico AOSP</cbc:Line>
					</cac:AddressLine>
					<cac:Country>
							<cbc:IdentificationCode>IT</cbc:IdentificationCode>
					</cac:Country>
				</cac:DespatchAddress>
			</cac:Despatch>
		</cac:Delivery>
	</cac:Shipment>
	<cac:DespatchLine>
		<cbc:ID>1</cbc:ID>
		<cbc:Note>Note di linea</cbc:Note>
		<cbc:DeliveredQuantity unitCode="C62">100</cbc:DeliveredQuantity>
		<cac:OrderLineReference>
			<cbc:LineID>1</cbc:LineID>
		</cac:OrderLineReference>
		<cac:Item>
			<cbc:Name>ABBA 12CPR RIV 875MG 125MG</cbc:Name>
			<cac:SellersItemIdentification>
				<cbc:ID>AICFARMACO:012345678</cbc:ID>
			</cac:SellersItemIdentification>
			<cac:StandardItemIdentification>
				<cbc:ID schemeID="0160">036816015</cbc:ID>
			</cac:StandardItemIdentification>
			<cac:CommodityClassification>
				<cbc:ItemClassificationCode listID="STL">B04BE09</cbc:ItemClassificationCode>
			</cac:CommodityClassification>
			<cac:ItemInstance>
				<cbc:ManufactureDate>2006-06-23</cbc:ManufactureDate>
				<cbc:BestBeforeDate>2020-12-31</cbc:BestBeforeDate>
				<cbc:SerialID>ITA00258</cbc:SerialID>
				<cac:LotIdentification>
					<cbc:LotNumberID>111222333</cbc:LotNumberID>
					<cbc:ExpiryDate>2027-12-31</cbc:ExpiryDate>
				</cac:LotIdentification>
			</cac:ItemInstance>
		</cac:Item>
		<cac:Shipment>
			<cbc:ID>NA</cbc:ID>
			<cbc:HandlingCode>2</cbc:HandlingCode>
			<cac:TransportHandlingUnit>
				<cbc:ID>54321</cbc:ID>
				<cbc:TransportHandlingUnitTypeCode>BX</cbc:TransportHandlingUnitTypeCode>
				<cbc:HazardousRiskIndicator>false</cbc:HazardousRiskIndicator>
				<cbc:ShippingMarks>Informazioni Segnacollo</cbc:ShippingMarks>
				<cac:MeasurementDimension>
					<cbc:AttributeID>AAB</cbc:AttributeID>
					<cbc:Measure unitCode="KGM">50</cbc:Measure>
				</cac:MeasurementDimension>
			</cac:TransportHandlingUnit>
		</cac:Shipment>
	</cac:DespatchLine>
	<cac:DespatchLine>
		<cbc:ID>2</cbc:ID>
		<cbc:DeliveredQuantity unitCode="C62">5</cbc:DeliveredQuantity>
		<cac:OrderLineReference>
			<cbc:LineID>2</cbc:LineID>
		</cac:OrderLineReference>
		<cac:Item>
			<cbc:Name>MYLERAN*100CPR RIV 2MG</cbc:Name>
			<cac:SellersItemIdentification>
				<cbc:ID>AICFARMACO:027428010</cbc:ID>
			</cac:SellersItemIdentification>
			<cac:CommodityClassification>
				<cbc:ItemClassificationCode listID="STL">N05BA01</cbc:ItemClassificationCode>
			</cac:CommodityClassification>
			<cac:HazardousItem>
				<cbc:ID>3249</cbc:ID>
				<cbc:UNDGCode>ADR</cbc:UNDGCode>
				<cbc:TechnicalName>Medicine, solid, toxic, n.o.s.</cbc:TechnicalName>
				<cbc:CategoryName>ANTIBLASTICI</cbc:CategoryName>
				<cbc:HazardClassID>6.1</cbc:HazardClassID>
			</cac:HazardousItem>
			<cac:ItemInstance>
				<cbc:ManufactureDate>2023-05-01</cbc:ManufactureDate>
				<cbc:BestBeforeDate>2033-12-31</cbc:BestBeforeDate>
				<cbc:SerialID>xyz258471</cbc:SerialID>
				<cac:LotIdentification>
					<cbc:LotNumberID>12346987777</cbc:LotNumberID>
					<cbc:ExpiryDate>2018-12-31</cbc:ExpiryDate>
				</cac:LotIdentification>
			</cac:ItemInstance>
		</cac:Item>
		<cac:Shipment>
			<cbc:ID>NA</cbc:ID>
			<cbc:HandlingCode>11</cbc:HandlingCode>
			<cac:GoodsItem>
				<cac:Temperature>
					<cbc:AttributeID>Recommended</cbc:AttributeID>
					<cbc:Measure unitCode="CEL">4</cbc:Measure>
				</cac:Temperature>
				<cac:MinimumTemperature>
					<cbc:AttributeID>Allowable</cbc:AttributeID>
					<cbc:Measure unitCode="CEL">2</cbc:Measure>
				</cac:MinimumTemperature>
				<cac:MaximumTemperature>
					<cbc:AttributeID>Allowable</cbc:AttributeID>
					<cbc:Measure unitCode="CEL">8</cbc:Measure>
				</cac:MaximumTemperature>
			</cac:GoodsItem>
			<cac:TransportHandlingUnit>
				<cbc:ID>32569</cbc:ID>
				<cbc:TransportHandlingUnitTypeCode>CT</cbc:TransportHandlingUnitTypeCode>
				<cbc:HazardousRiskIndicator>true</cbc:HazardousRiskIndicator>
				<cbc:ShippingMarks>Marca Prodotto</cbc:ShippingMarks>
				<cac:MeasurementDimension>
					<cbc:AttributeID>AAB</cbc:AttributeID>
					<cbc:Measure unitCode="KGM">50</cbc:Measure>
				</cac:MeasurementDimension>
			</cac:TransportHandlingUnit>
		</cac:Shipment>
	</cac:DespatchLine>
</DespatchAdvice>
