<?xml version="1.0" encoding="UTF-8"?>
<CreditNote xmlns:ccts="urn:un:unece:uncefact:documentation:2" xmlns:cr="http://www.ubl-italia.org/ns/CrossReference" xmlns:xsd="http://www.w3.org/2001/XMLSchema" xmlns:ext="urn:oasis:names:specification:ubl:schema:xsd:CommonExtensionComponents-2" xmlns:cac="urn:oasis:names:specification:ubl:schema:xsd:CommonAggregateComponents-2" xmlns:cbc="urn:oasis:names:specification:ubl:schema:xsd:CommonBasicComponents-2" xmlns="urn:oasis:names:specification:ubl:schema:xsd:CreditNote-2">
	<cbc:CustomizationID>urn:cen.eu:en16931:2017#compliant#urn:fdc:peppol.eu:2017:poacc:billing:3.0#conformant#urn:www.agid.gov.it:trns:fattura:3</cbc:CustomizationID>
	<cbc:ProfileID>urn:fdc:peppol.eu:2017:poacc:billing:01:1.0</cbc:ProfileID>
	<cbc:ID>02_NC_BIS3_V08_G2G</cbc:ID>
	<cbc:IssueDate>2020-12-31</cbc:IssueDate>
	<cbc:CreditNoteTypeCode>381</cbc:CreditNoteTypeCode>
	<cbc:DocumentCurrencyCode>EUR</cbc:DocumentCurrencyCode>
	<cbc:BuyerReference>110#2020-11-15#V13SCO</cbc:BuyerReference>
	<cac:OrderReference>
		<cbc:ID>110</cbc:ID>
		<cbc:IssueDate>2020-11-15</cbc:IssueDate>
	</cac:OrderReference>
	<cac:BillingReference>
		<cac:InvoiceDocumentReference>
			<cbc:ID>01_FT_BIS3_V29_B2G</cbc:ID>
			<cbc:IssueDate>2020-12-07</cbc:IssueDate>
		</cac:InvoiceDocumentReference>
	</cac:BillingReference>
	<cac:AccountingSupplierParty>
		<cac:Party>
			<cbc:EndpointID schemeID="0201">4YXHOT</cbc:EndpointID>
			<cac:PostalAddress>
				<cbc:StreetName>Via Amendola,2</cbc:StreetName>
				<cbc:CityName>REGGIO EMILIA</cbc:CityName>
				<cbc:PostalZone>42100</cbc:PostalZone>
				<cbc:CountrySubentity>RE</cbc:CountrySubentity>
				<cac:Country>
					<cbc:IdentificationCode>IT</cbc:IdentificationCode>
				</cac:Country>
			</cac:PostalAddress>
			<cac:PartyTaxScheme>
				<cbc:CompanyID>IT02188520544</cbc:CompanyID>
				<cac:TaxScheme>
					<cbc:ID>VAT</cbc:ID>
				</cac:TaxScheme>
			</cac:PartyTaxScheme>
			<cac:PartyLegalEntity>
				<cbc:RegistrationName>USL Fornitore</cbc:RegistrationName>
				<cbc:CompanyID schemeID="0210">02188520544</cbc:CompanyID>
			</cac:PartyLegalEntity>
		</cac:Party>
	</cac:AccountingSupplierParty>
	<cac:AccountingCustomerParty>
		<cac:Party>
			<cbc:EndpointID schemeID="0201">V13SCO</cbc:EndpointID>
			<cac:PostalAddress>
				<cbc:StreetName>Via Cliente,2</cbc:StreetName>
				<cbc:CityName>REGGIO EMILIA</cbc:CityName>
				<cbc:PostalZone>42100</cbc:PostalZone>
				<cbc:CountrySubentity>RE</cbc:CountrySubentity>
				<cac:Country>
					<cbc:IdentificationCode>IT</cbc:IdentificationCode>
				</cac:Country>
			</cac:PostalAddress>
			<cac:PartyTaxScheme>
				<cbc:CompanyID>IT01598570354</cbc:CompanyID>
				<cac:TaxScheme>
					<cbc:ID>VAT</cbc:ID>
				</cac:TaxScheme>
			</cac:PartyTaxScheme>
			<cac:PartyLegalEntity>
				<cbc:RegistrationName>USL Cliente</cbc:RegistrationName>
				<cbc:CompanyID schemeID="0210">01598570354</cbc:CompanyID>
			</cac:PartyLegalEntity>
		</cac:Party>
	</cac:AccountingCustomerParty>
	<cac:Delivery>
		<cbc:ActualDeliveryDate>2020-11-15</cbc:ActualDeliveryDate>
	</cac:Delivery>
	<cac:PaymentMeans>
		<cbc:PaymentMeansCode>57</cbc:PaymentMeansCode>
		<cac:PayeeFinancialAccount>
			<cbc:ID>IT64W0100003245243300306301</cbc:ID>
			<cac:FinancialInstitutionBranch>
				<cbc:ID>UNCRIT2B</cbc:ID>
			</cac:FinancialInstitutionBranch>
		</cac:PayeeFinancialAccount>
	</cac:PaymentMeans>
	<cac:PaymentTerms>
		<cbc:Note>TP02</cbc:Note>
	</cac:PaymentTerms>
	<cac:TaxTotal>
		<cbc:TaxAmount currencyID="EUR">274.12</cbc:TaxAmount>
		<cac:TaxSubtotal>
			<cbc:TaxableAmount currencyID="EUR">1246.00</cbc:TaxableAmount>
			<cbc:TaxAmount currencyID="EUR">274.12</cbc:TaxAmount>
			<cac:TaxCategory>
				<cbc:ID>B</cbc:ID>
				<cbc:Percent>22</cbc:Percent>
				<cac:TaxScheme>
					<cbc:ID>VAT</cbc:ID>
				</cac:TaxScheme>
			</cac:TaxCategory>
		</cac:TaxSubtotal>
	</cac:TaxTotal>
	<cac:LegalMonetaryTotal>
		<cbc:LineExtensionAmount currencyID="EUR">1246.00</cbc:LineExtensionAmount>
		<cbc:TaxExclusiveAmount currencyID="EUR">1246.00</cbc:TaxExclusiveAmount>
		<cbc:TaxInclusiveAmount currencyID="EUR">1520.12</cbc:TaxInclusiveAmount>
		<cbc:PrepaidAmount currencyID="EUR">274.12</cbc:PrepaidAmount>
		<cbc:PayableAmount currencyID="EUR">1246.00</cbc:PayableAmount>
	</cac:LegalMonetaryTotal>
	<cac:CreditNoteLine>
		<cbc:ID>1</cbc:ID>
		<cbc:CreditedQuantity unitCode="C62">20.00000000</cbc:CreditedQuantity>
		<cbc:LineExtensionAmount currencyID="EUR">1246.00</cbc:LineExtensionAmount>
		<cbc:AccountingCost>B09.01.068</cbc:AccountingCost>
		<cac:DocumentReference>
			<cbc:ID schemeID="ABT">229032/B</cbc:ID>
			<cbc:DocumentTypeCode>130</cbc:DocumentTypeCode>
		</cac:DocumentReference>
		<cac:Item>
			<cbc:Name>EBIXA 5MG/EROGAZIONE SOL. ORALE 50 ML</cbc:Name>
			<cac:SellersItemIdentification>
				<cbc:ID>689910</cbc:ID>
			</cac:SellersItemIdentification>
			<cac:ClassifiedTaxCategory>
				<cbc:ID>B</cbc:ID>
				<cbc:Percent>22</cbc:Percent>
				<cac:TaxScheme>
					<cbc:ID>VAT</cbc:ID>
				</cac:TaxScheme>
			</cac:ClassifiedTaxCategory>
		</cac:Item>
		<cac:Price>
			<cbc:PriceAmount currencyID="EUR">62.30000000</cbc:PriceAmount>
			<cac:AllowanceCharge>
				<cbc:ChargeIndicator>false</cbc:ChargeIndicator>
				<cbc:Amount currencyID="EUR">00.00</cbc:Amount>
				<cbc:BaseAmount currencyID="EUR">62.30000000</cbc:BaseAmount>
			</cac:AllowanceCharge>
		</cac:Price>
	</cac:CreditNoteLine>
</CreditNote>
