<?xml version="1.0" encoding="UTF-8"?>
<CreditNote xmlns:ccts="urn:un:unece:uncefact:documentation:2" xmlns:cr="http://www.ubl-italia.org/ns/CrossReference" xmlns:xsd="http://www.w3.org/2001/XMLSchema" xmlns:ext="urn:oasis:names:specification:ubl:schema:xsd:CommonExtensionComponents-2" xmlns:cac="urn:oasis:names:specification:ubl:schema:xsd:CommonAggregateComponents-2" xmlns:cbc="urn:oasis:names:specification:ubl:schema:xsd:CommonBasicComponents-2" xmlns="urn:oasis:names:specification:ubl:schema:xsd:CreditNote-2">
	<ext:UBLExtensions>
		<ext:UBLExtension>
				<ext:ExtensionURI>urn:fdc:agid.gov.it:fatturapa:TipoRitenuta::1</ext:ExtensionURI>
				<ext:ExtensionContent>
					<cbc:TypeCode>RT01</cbc:TypeCode>
				</ext:ExtensionContent>
		</ext:UBLExtension>		
		<ext:UBLExtension>
			<ext:ExtensionURI>urn:fdc:agid.gov.it:fatturapa:Ritenuta</ext:ExtensionURI>
			<ext:ExtensionContent>
				<cac:WithholdingTaxTotal>
					<cbc:TaxAmount currencyID="EUR">208.00</cbc:TaxAmount>
					<cac:TaxSubtotal>
						<cbc:TaxableAmount currencyID="EUR">1040.00</cbc:TaxableAmount>
						<cbc:TaxAmount currencyID="EUR">208.00</cbc:TaxAmount>
						<cac:TaxCategory>
							<cbc:ID>S</cbc:ID>
							<cbc:Percent>20.00</cbc:Percent>
							<cac:TaxScheme>
								<cbc:ID>SWT</cbc:ID>
								<cbc:TaxTypeCode>A</cbc:TaxTypeCode>
							</cac:TaxScheme>
						</cac:TaxCategory>
					</cac:TaxSubtotal>
				</cac:WithholdingTaxTotal>
			</ext:ExtensionContent>
		</ext:UBLExtension>
	</ext:UBLExtensions>
	<cbc:CustomizationID>urn:cen.eu:en16931:2017#compliant#urn:fdc:peppol.eu:2017:poacc:billing:3.0#conformant#urn:www.agid.gov.it:trns:fattura:3</cbc:CustomizationID>
	<cbc:ProfileID>urn:fdc:peppol.eu:2017:poacc:billing:01:1.0</cbc:ProfileID>
	<cbc:ID>03_NC_BIS3_V08_B2G</cbc:ID>
	<cbc:IssueDate>2020-12-31</cbc:IssueDate>
	<cbc:CreditNoteTypeCode>381</cbc:CreditNoteTypeCode>
	<cbc:DocumentCurrencyCode>EUR</cbc:DocumentCurrencyCode>
	<cbc:BuyerReference>#NO#</cbc:BuyerReference>
	<cac:BillingReference>
		<cac:InvoiceDocumentReference>
			<cbc:ID>13_FT_BIS3_V29_B2G</cbc:ID>
			<cbc:IssueDate>2020-02-07</cbc:IssueDate>
		</cac:InvoiceDocumentReference>
	</cac:BillingReference>
	<cac:AccountingSupplierParty>
		<cac:Party>
			<cbc:EndpointID schemeID="0210">BRBMNC89C45D711S</cbc:EndpointID>
			<cac:PartyIdentification>
				<cbc:ID>ALBO:NomeAlbo#12345#2018-02-16</cbc:ID>
			</cac:PartyIdentification>
			<cac:PostalAddress>
				<cbc:StreetName>VIA DE GASPERI, 2</cbc:StreetName>
				<cbc:CityName>SASSUOLO</cbc:CityName>
				<cbc:PostalZone>41049</cbc:PostalZone>
				<cbc:CountrySubentity>MO</cbc:CountrySubentity>
				<cac:Country>
					<cbc:IdentificationCode>IT</cbc:IdentificationCode>
				</cac:Country>
			</cac:PostalAddress>
			<cac:PartyTaxScheme>
				<cbc:CompanyID>IT03943060362</cbc:CompanyID>
				<cbc:TaxLevelCode>RF01</cbc:TaxLevelCode>
				<cac:TaxScheme>
					<cbc:ID>VAT</cbc:ID>
				</cac:TaxScheme>
			</cac:PartyTaxScheme>
			<cac:PartyLegalEntity>
				<cbc:RegistrationName>Nome#Cognome:Mario#Rossi</cbc:RegistrationName>
				<cbc:CompanyID schemeID="0210">BRBMNC89C45D711S</cbc:CompanyID>
			</cac:PartyLegalEntity>
		</cac:Party>
    </cac:AccountingSupplierParty>
	<cac:AccountingCustomerParty>
		<cac:Party>
			<cbc:EndpointID schemeID="0201">O92KTP</cbc:EndpointID>
			<cac:PostalAddress>
				<cbc:StreetName>Via Cliente,2</cbc:StreetName>
				<cbc:CityName>REGGIO EMILIA</cbc:CityName>
				<cbc:PostalZone>42100</cbc:PostalZone>
				<cbc:CountrySubentity>RE</cbc:CountrySubentity>
				<cac:Country>
					<cbc:IdentificationCode>IT</cbc:IdentificationCode>
				</cac:Country>
			</cac:PostalAddress>
			<cac:PartyTaxScheme>
				<cbc:CompanyID>IT01598570354</cbc:CompanyID>
				<cac:TaxScheme>
					<cbc:ID>VAT</cbc:ID>
				</cac:TaxScheme>
			</cac:PartyTaxScheme>
			<cac:PartyLegalEntity>
				<cbc:RegistrationName>USL Cliente</cbc:RegistrationName>
				<cbc:CompanyID schemeID="0210">01598570354</cbc:CompanyID>
			</cac:PartyLegalEntity>
		</cac:Party>
	</cac:AccountingCustomerParty>
	<cac:PaymentMeans>
		<cbc:PaymentMeansCode>30</cbc:PaymentMeansCode>
		<cac:PayeeFinancialAccount>
			<cbc:ID>IT64W0100003245243300306301</cbc:ID>
			<cac:FinancialInstitutionBranch>
				<cbc:ID>UNCRIT2B</cbc:ID>
			</cac:FinancialInstitutionBranch>
		</cac:PayeeFinancialAccount>
	</cac:PaymentMeans>
	<cac:PaymentTerms>
		<cbc:Note>TP02</cbc:Note>
	</cac:PaymentTerms>
	<cac:AllowanceCharge>
		<cbc:ChargeIndicator>true</cbc:ChargeIndicator>
		<cbc:AllowanceChargeReasonCode>ZZZ</cbc:AllowanceChargeReasonCode>
		<cbc:AllowanceChargeReason>TC04#SI#</cbc:AllowanceChargeReason>
		<cbc:MultiplierFactorNumeric>4</cbc:MultiplierFactorNumeric>
		<cbc:Amount currencyID="EUR">40.00</cbc:Amount>
		<cbc:BaseAmount currencyID="EUR">1000.00</cbc:BaseAmount>
		<cac:TaxCategory>
			<cbc:ID>B</cbc:ID>
			<cbc:Percent>22.00</cbc:Percent>
			<cac:TaxScheme>
				<cbc:ID>VAT</cbc:ID>
			</cac:TaxScheme>
		</cac:TaxCategory>
	</cac:AllowanceCharge>
	<cac:TaxTotal>
		<cbc:TaxAmount currencyID="EUR">228.80</cbc:TaxAmount>
		<cac:TaxSubtotal>
			<cbc:TaxableAmount currencyID="EUR">1040.00</cbc:TaxableAmount>
			<cbc:TaxAmount currencyID="EUR">228.80</cbc:TaxAmount>
			<cac:TaxCategory>
				<cbc:ID>B</cbc:ID>
				<cbc:Percent>22.00</cbc:Percent>
				<cac:TaxScheme>
					<cbc:ID>VAT</cbc:ID>
				</cac:TaxScheme>
			</cac:TaxCategory>
		</cac:TaxSubtotal>
	</cac:TaxTotal>
	<cac:LegalMonetaryTotal>
		<cbc:LineExtensionAmount currencyID="EUR">1000.00</cbc:LineExtensionAmount>
		<cbc:TaxExclusiveAmount currencyID="EUR">1040.00</cbc:TaxExclusiveAmount>
		<cbc:TaxInclusiveAmount currencyID="EUR">1268.80</cbc:TaxInclusiveAmount>
		<cbc:ChargeTotalAmount currencyID="EUR">40.00</cbc:ChargeTotalAmount>
		<cbc:PrepaidAmount currencyID="EUR">436.80</cbc:PrepaidAmount>
		<cbc:PayableAmount currencyID="EUR">832.00</cbc:PayableAmount>
	</cac:LegalMonetaryTotal>
	<cac:CreditNoteLine>
		<cbc:ID>1</cbc:ID>
		<cbc:CreditedQuantity  unitCode="C62">1.00</cbc:CreditedQuantity>
		<cbc:LineExtensionAmount currencyID="EUR">1000.00</cbc:LineExtensionAmount>
		<cac:Item>
			<cbc:Name>Imponibile prestazione professionale</cbc:Name>
			<cac:ClassifiedTaxCategory>
				<cbc:ID>B</cbc:ID>
				<cbc:Percent>22.00</cbc:Percent>
				<cac:TaxScheme>
					<cbc:ID>VAT</cbc:ID>
				</cac:TaxScheme>
			</cac:ClassifiedTaxCategory>
			<cac:AdditionalItemProperty>
				<cbc:Name>RITENUTA</cbc:Name>
				<cbc:Value>SI</cbc:Value>
			</cac:AdditionalItemProperty>
		</cac:Item>
		<cac:Price>
			<cbc:PriceAmount currencyID="EUR">1000.00000000</cbc:PriceAmount>
			<cbc:BaseQuantity unitCode="C62">1</cbc:BaseQuantity>
			<cac:AllowanceCharge>
				<cbc:ChargeIndicator>false</cbc:ChargeIndicator>
				<cbc:Amount currencyID="EUR">00.00</cbc:Amount>
				<cbc:BaseAmount currencyID="EUR">1000.00000000</cbc:BaseAmount>
			</cac:AllowanceCharge>
		</cac:Price>
	</cac:CreditNoteLine>
</CreditNote>
