<?xml version="1.0" encoding="UTF-8"?>
<Invoice xmlns="urn:oasis:names:specification:ubl:schema:xsd:Invoice-2"
	xmlns:cac="urn:oasis:names:specification:ubl:schema:xsd:CommonAggregateComponents-2"
	xmlns:cbc="urn:oasis:names:specification:ubl:schema:xsd:CommonBasicComponents-2"
	xmlns:ccts="urn:un:unece:uncefact:documentation:2"
	xmlns:ext="urn:oasis:names:specification:ubl:schema:xsd:CommonExtensionComponents-2"
	xmlns:qdt="urn:oasis:names:specification:ubl:schema:xsd:QualifiedDatatypes-2"
	xmlns:udt="urn:un:unece:uncefact:data:specification:UnqualifiedDataTypesSchemaModule:2"
	xmlns:xsd="http://www.w3.org/2001/XMLSchema"
	xmlns:xsi="http://www.w3.org/2001/XMLSchema-instance"
	xmlns:cr="http://www.ubl-italia.org/ns/CrossReference" xsi:schemaLocation="urn:oasis:names:specification:ubl:schema:xsd:Invoice-2 UBL-Invoice-2.1.xsd">
	<cbc:CustomizationID>urn:cen.eu:en16931:2017#compliant#urn:fdc:peppol.eu:2017:poacc:billing:3.0#conformant#urn:www.agid.gov.it:trns:fattura:3</cbc:CustomizationID>
	<cbc:ProfileID>urn:fdc:peppol.eu:2017:poacc:billing:01:1.0</cbc:ProfileID>
	<cbc:ID>04_FT_BIS3_V24</cbc:ID>
	<cbc:IssueDate>2016-12-31</cbc:IssueDate>
	<cbc:InvoiceTypeCode>380</cbc:InvoiceTypeCode>
	<cbc:DocumentCurrencyCode>EUR</cbc:DocumentCurrencyCode>
	<cbc:BuyerReference>#NO#</cbc:BuyerReference>
	<cac:OrderReference>
		<cbc:ID>123</cbc:ID>
	</cac:OrderReference>
	<cac:OriginatorDocumentReference>
		<cbc:ID>1Z1A3EE456</cbc:ID>
	</cac:OriginatorDocumentReference>
	<cac:AccountingSupplierParty>
		<cac:Party>
			<cbc:EndpointID schemeID="0211">IT02188520544</cbc:EndpointID>
			<cac:PartyName>
				<cbc:Name>Azienda edile</cbc:Name>
			</cac:PartyName>
			<cac:PostalAddress>
				<cbc:StreetName>Via della Colombaia, 12</cbc:StreetName>
				<cbc:CityName>Bologna</cbc:CityName>
				<cbc:PostalZone>40121</cbc:PostalZone>
				<cbc:CountrySubentity>BO</cbc:CountrySubentity>
				<cac:Country>
					<cbc:IdentificationCode>IT</cbc:IdentificationCode>
				</cac:Country>
			</cac:PostalAddress>
			<cac:PartyTaxScheme>
				<cbc:CompanyID>IT02188520544</cbc:CompanyID>
				<cac:TaxScheme>
					<cbc:ID>VAT</cbc:ID>
				</cac:TaxScheme>
			</cac:PartyTaxScheme>
			<cac:PartyLegalEntity>
				<cbc:RegistrationName>Azienda edile s.p.a.</cbc:RegistrationName>
					<cbc:CompanyID schemeID="0210">02188520544</cbc:CompanyID>
			</cac:PartyLegalEntity>
		</cac:Party>
	</cac:AccountingSupplierParty>
	<cac:AccountingCustomerParty>
		<cac:Party>
			<cbc:EndpointID schemeID="0201">4YXHOT</cbc:EndpointID>
			<cac:PartyName>
				<cbc:Name>USL Cliente</cbc:Name>
			</cac:PartyName>
			<cac:PostalAddress>
				<cbc:StreetName>Via Cliente,2</cbc:StreetName>
				<cbc:CityName>REGGIO EMILIA</cbc:CityName>
				<cbc:PostalZone>42100</cbc:PostalZone>
				<cbc:CountrySubentity>RE</cbc:CountrySubentity>
				<cac:Country>
					<cbc:IdentificationCode>IT</cbc:IdentificationCode>
				</cac:Country>
			</cac:PostalAddress>
			<cac:PartyTaxScheme>
				<cbc:CompanyID>IT02483810392</cbc:CompanyID>
				<cac:TaxScheme>
					<cbc:ID>VAT</cbc:ID>
				</cac:TaxScheme>
			</cac:PartyTaxScheme>
			<cac:PartyLegalEntity>
				<cbc:RegistrationName>USL Cliente</cbc:RegistrationName>
			</cac:PartyLegalEntity>
		</cac:Party>
	</cac:AccountingCustomerParty>
	<cac:PaymentMeans>
		<cbc:PaymentMeansCode>30</cbc:PaymentMeansCode>
		<cac:PayeeFinancialAccount>
			<cbc:ID>IT87W0100003245243300874309</cbc:ID>
			<cac:FinancialInstitutionBranch>
				<cbc:ID>UNCRIT2B</cbc:ID>
			</cac:FinancialInstitutionBranch>
		</cac:PayeeFinancialAccount>
	</cac:PaymentMeans>
	<cac:PaymentTerms>
		<cbc:Note>TP01</cbc:Note>
	</cac:PaymentTerms>
  <cac:AllowanceCharge>
    <cbc:ChargeIndicator>true</cbc:ChargeIndicator>
    <cbc:AllowanceChargeReasonCode>SAE</cbc:AllowanceChargeReasonCode>
    <cbc:AllowanceChargeReason>BOLLO</cbc:AllowanceChargeReason>
    <cbc:Amount currencyID="EUR">2.00</cbc:Amount>
    <cac:TaxCategory>
      <cbc:ID>Z</cbc:ID>
      <cbc:Percent>0</cbc:Percent>
      <cac:TaxScheme>
        <cbc:ID>VAT</cbc:ID>
      </cac:TaxScheme>
    </cac:TaxCategory>
  </cac:AllowanceCharge>
	<cac:TaxTotal>
		<cbc:TaxAmount currencyID="EUR">00.00</cbc:TaxAmount>
		<cac:TaxSubtotal>
			<cbc:TaxableAmount currencyID="EUR">2500.00</cbc:TaxableAmount>
			<cbc:TaxAmount currencyID="EUR">00.00</cbc:TaxAmount>
			<cac:TaxCategory>
				<cbc:ID>AE</cbc:ID>
				<cbc:Percent>0</cbc:Percent>
				<cbc:TaxExemptionReasonCode>vatex-eu-ae</cbc:TaxExemptionReasonCode>
				<cbc:TaxExemptionReason>N6.3#Art.16,co.6,lett.a (prestazioni di servizi rese dai subappaltatori nel settore edilizio)</cbc:TaxExemptionReason>
				<cac:TaxScheme>
					<cbc:ID>VAT</cbc:ID>
				</cac:TaxScheme>
			</cac:TaxCategory>
		</cac:TaxSubtotal>
		<cac:TaxSubtotal>
            <cbc:TaxableAmount currencyID="EUR">2.00</cbc:TaxableAmount>
            <cbc:TaxAmount currencyID="EUR">0.00</cbc:TaxAmount>
            <cac:TaxCategory>
              <cbc:ID>Z</cbc:ID>
              <cbc:Percent>0</cbc:Percent>
           <cac:TaxScheme>
                 <cbc:ID>VAT</cbc:ID>
           </cac:TaxScheme>
      </cac:TaxCategory>
    </cac:TaxSubtotal>
	</cac:TaxTotal>
	<cac:LegalMonetaryTotal>
		<cbc:LineExtensionAmount currencyID="EUR">2500.00</cbc:LineExtensionAmount>
		<cbc:TaxExclusiveAmount currencyID="EUR">2502.00</cbc:TaxExclusiveAmount>
		<cbc:TaxInclusiveAmount currencyID="EUR">2502.00</cbc:TaxInclusiveAmount>
		<cbc:ChargeTotalAmount currencyID="EUR">2.00</cbc:ChargeTotalAmount>
		<cbc:PayableAmount currencyID="EUR">2502.00</cbc:PayableAmount>
	</cac:LegalMonetaryTotal>
	<cac:InvoiceLine>
		<cbc:ID>1</cbc:ID>
		<cbc:InvoicedQuantity unitCode="C62">1.00000000</cbc:InvoicedQuantity>
		<cbc:LineExtensionAmount currencyID="EUR">2500.00</cbc:LineExtensionAmount>
		<cbc:AccountingCost>B09.01.068</cbc:AccountingCost>
		<cac:Item>
			<cbc:Description>Inversione contabile</cbc:Description>
			<cbc:Name>Subappalto nel settore edile</cbc:Name>
			<cac:SellersItemIdentification>
				<cbc:ID>689910</cbc:ID>
			</cac:SellersItemIdentification>
			<cac:ClassifiedTaxCategory>
				<cbc:ID>AE</cbc:ID>
				<cbc:Percent>0</cbc:Percent>
				<cac:TaxScheme>
					<cbc:ID>VAT</cbc:ID>
				</cac:TaxScheme>
			</cac:ClassifiedTaxCategory>
			<cac:AdditionalItemProperty>
				<cbc:Name>NATURA</cbc:Name>
				<cbc:Value>N6.3</cbc:Value>
			</cac:AdditionalItemProperty>
		</cac:Item>
		<cac:Price>
			<cbc:PriceAmount currencyID="EUR">2500.00</cbc:PriceAmount>
			<cbc:BaseQuantity unitCode="C62">1</cbc:BaseQuantity>
			<cac:AllowanceCharge>
				<cbc:ChargeIndicator>false</cbc:ChargeIndicator>
				<cbc:Amount currencyID="EUR">0.00</cbc:Amount>
				<cbc:BaseAmount currencyID="EUR">2500.00</cbc:BaseAmount>
			</cac:AllowanceCharge>
		</cac:Price>
	</cac:InvoiceLine>
</Invoice>
