<?xml version="1.0" encoding="UTF-8"?>
<Invoice xmlns="urn:oasis:names:specification:ubl:schema:xsd:Invoice-2"
	xmlns:cac="urn:oasis:names:specification:ubl:schema:xsd:CommonAggregateComponents-2"
	xmlns:cbc="urn:oasis:names:specification:ubl:schema:xsd:CommonBasicComponents-2"
	xmlns:ccts="urn:un:unece:uncefact:documentation:2"
	xmlns:ext="urn:oasis:names:specification:ubl:schema:xsd:CommonExtensionComponents-2"
	xmlns:qdt="urn:oasis:names:specification:ubl:schema:xsd:QualifiedDatatypes-2"
	xmlns:udt="urn:un:unece:uncefact:data:specification:UnqualifiedDataTypesSchemaModule:2"
	xmlns:xsd="http://www.w3.org/2001/XMLSchema"
	xmlns:xsi="http://www.w3.org/2001/XMLSchema-instance"
	xmlns:cr="http://www.ubl-italia.org/ns/CrossReference" xsi:schemaLocation="urn:oasis:names:specification:ubl:schema:xsd:Invoice-2 UBL-Invoice-2.1.xsd">
	<ext:UBLExtensions>
		<ext:UBLExtension>
			<ext:ExtensionURI>urn:fdc:agid.gov.it:fatturapa:TipoDocumento</ext:ExtensionURI>
			<ext:ExtensionContent>
				<cbc:TypeCode>TD01</cbc:TypeCode>
			</ext:ExtensionContent>
		</ext:UBLExtension>
		<ext:UBLExtension>
			<ext:ExtensionURI>urn:fdc:agid.gov.it:fatturapa:TipoRitenuta::1</ext:ExtensionURI>
			<ext:ExtensionContent>
				<cbc:TypeCode>RT04</cbc:TypeCode>				<!-- Ritenuta ENASARCO -->
			</ext:ExtensionContent>
		</ext:UBLExtension>
		<ext:UBLExtension>
			<ext:ExtensionURI>urn:fdc:agid.gov.it:fatturapa:TipoRitenuta::2</ext:ExtensionURI>
			<ext:ExtensionContent>
				<cbc:TypeCode>RT01</cbc:TypeCode>				<!-- Rit. d'acconto persone fisiche -->
			</ext:ExtensionContent>
		</ext:UBLExtension>
	</ext:UBLExtensions>
	<cbc:CustomizationID>urn:cen.eu:en16931:2017#compliant#urn:fdc:peppol.eu:2017:poacc:billing:3.0#conformant#urn:www.agid.gov.it:trns:fattura:3</cbc:CustomizationID>
	<cbc:ProfileID>urn:fdc:peppol.eu:2017:poacc:billing:01:1.0</cbc:ProfileID>
	<cbc:ID>14_FT_BIS3_V24</cbc:ID>
	<cbc:IssueDate>2016-12-31</cbc:IssueDate>
	<cbc:InvoiceTypeCode>380</cbc:InvoiceTypeCode>
	<cbc:DocumentCurrencyCode>EUR</cbc:DocumentCurrencyCode>
	<cac:OrderReference>
		<cbc:ID>123</cbc:ID>
	</cac:OrderReference>
	<cac:AccountingSupplierParty>
		<cac:Party>
			<cbc:EndpointID schemeID="0211">IT02188520544</cbc:EndpointID>
			<cac:PartyName>
				<cbc:Name>Agente di Commercio</cbc:Name>
			</cac:PartyName>
			<cac:PostalAddress>
				<cbc:StreetName>Via Amendola,2</cbc:StreetName>
				<cbc:CityName>REGGIO EMILIA</cbc:CityName>
				<cbc:PostalZone>42100</cbc:PostalZone>
				<cbc:CountrySubentity>RE</cbc:CountrySubentity>
				<cac:Country>
					<cbc:IdentificationCode>IT</cbc:IdentificationCode>
				</cac:Country>
			</cac:PostalAddress>
			<cac:PartyTaxScheme>
				<cbc:CompanyID>IT02188520544</cbc:CompanyID>
				<cbc:TaxLevelCode>RF01</cbc:TaxLevelCode>
				<cac:TaxScheme>
					<cbc:ID>VAT</cbc:ID>
				</cac:TaxScheme>
			</cac:PartyTaxScheme>
			<cac:PartyLegalEntity>
				<cbc:RegistrationName>Agente di Commercio</cbc:RegistrationName>
				<cbc:CompanyID schemeID="0210">02188520544</cbc:CompanyID>
			</cac:PartyLegalEntity>
			<cac:ServiceProviderParty>
				<cac:Party>
					<cac:PartyIdentification>
						<cbc:ID schemeID="0210">00777910159</cbc:ID>
					</cac:PartyIdentification>
					<cac:PartyName>
						<cbc:Name>Intermediario S.r.l.</cbc:Name>
					</cac:PartyName>
					<cac:PartyTaxScheme>
						<cbc:CompanyID>IT00777910159</cbc:CompanyID>
						<cac:TaxScheme>
							<cbc:ID>VAT</cbc:ID>
						</cac:TaxScheme>
					</cac:PartyTaxScheme>
				</cac:Party>
			</cac:ServiceProviderParty>
		</cac:Party>
	</cac:AccountingSupplierParty>
	<cac:AccountingCustomerParty>
		<cac:Party>
			<cbc:EndpointID schemeID="0201">O92KTP</cbc:EndpointID>
			<cac:PartyName>
				<cbc:Name>USL Cliente</cbc:Name>
			</cac:PartyName>
			<cac:PostalAddress>
				<cbc:StreetName>Via Cliente,2</cbc:StreetName>
				<cbc:CityName>REGGIO EMILIA</cbc:CityName>
				<cbc:PostalZone>42100</cbc:PostalZone>
				<cbc:CountrySubentity>RE</cbc:CountrySubentity>
				<cac:Country>
					<cbc:IdentificationCode>IT</cbc:IdentificationCode>
				</cac:Country>
			</cac:PostalAddress>
			<cac:PartyTaxScheme>
				<cbc:CompanyID>IT01598570354</cbc:CompanyID>
				<cac:TaxScheme>
					<cbc:ID>VAT</cbc:ID>
				</cac:TaxScheme>
			</cac:PartyTaxScheme>
			<cac:PartyLegalEntity>
				<cbc:RegistrationName>USL Cliente</cbc:RegistrationName>
			</cac:PartyLegalEntity>
		</cac:Party>
	</cac:AccountingCustomerParty>
	<cac:PaymentMeans>
		<cbc:PaymentMeansCode>30</cbc:PaymentMeansCode>
		<cac:PayeeFinancialAccount>
			<cbc:ID>IT64W0100003245243300306301</cbc:ID>
			<cac:FinancialInstitutionBranch>
				<cbc:ID>UNCRIT2B</cbc:ID>
			</cac:FinancialInstitutionBranch>
		</cac:PayeeFinancialAccount>
	</cac:PaymentMeans>
	<cac:PaymentTerms>
		<cbc:Note>TP01</cbc:Note>
	</cac:PaymentTerms>
	<cac:TaxTotal>
		<cbc:TaxAmount currencyID="EUR">220.00</cbc:TaxAmount>
		<cac:TaxSubtotal>
			<cbc:TaxableAmount currencyID="EUR">1000.00</cbc:TaxableAmount>
			<cbc:TaxAmount currencyID="EUR">220.00</cbc:TaxAmount>
			<cac:TaxCategory>
				<cbc:ID>B</cbc:ID>
				<cbc:Percent>22.00</cbc:Percent>
				<cac:TaxScheme>
					<cbc:ID>VAT</cbc:ID>
				</cac:TaxScheme>
			</cac:TaxCategory>
		</cac:TaxSubtotal>
	</cac:TaxTotal>
	<!-- Ritenuta ENASARCO su imponibile prestazione -->
	<cac:WithholdingTaxTotal>
		<cbc:TaxAmount currencyID="EUR">200.00</cbc:TaxAmount>
		<cac:TaxSubtotal>
			<cbc:TaxableAmount currencyID="EUR">1000.00</cbc:TaxableAmount>
			<cbc:TaxAmount currencyID="EUR">85.00</cbc:TaxAmount>
			<cac:TaxCategory>
				<cbc:ID>S</cbc:ID>
				<cbc:Percent>8.50</cbc:Percent>				<!-- 50% dell'aliquota 17% -->
				<cac:TaxScheme>
					<cbc:ID>SWT</cbc:ID>
					<cbc:TaxTypeCode>U</cbc:TaxTypeCode>					<!-- provvigioni corrisposte ad agente o rappresentante di commercio plurimandatario -->
				</cac:TaxScheme>
			</cac:TaxCategory>
		</cac:TaxSubtotal>
		<!-- Ritenuta d'acconto 23% sul 50% dell'imponibile -->
		<cac:TaxSubtotal>
		<!--	<cbc:TaxableAmount currencyID="EUR">1000.00</cbc:TaxableAmount>-->
			<cbc:TaxAmount currencyID="EUR">115.00</cbc:TaxAmount>
			<cac:TaxCategory>
				<cbc:ID>S</cbc:ID>
				<cbc:Percent>11.50</cbc:Percent>				<!-- 23% su 50% dell'imponibile -->
				<cac:TaxScheme>
					<cbc:ID>SWT</cbc:ID>
					<cbc:TaxTypeCode>A</cbc:TaxTypeCode>					<!-- provvigioni corrisposte ad agente o rappresentante di commercio plurimandatario -->
				</cac:TaxScheme>
			</cac:TaxCategory>
		</cac:TaxSubtotal>
	</cac:WithholdingTaxTotal>
	<cac:LegalMonetaryTotal>
		<cbc:LineExtensionAmount currencyID="EUR">1000.00</cbc:LineExtensionAmount>
		<cbc:TaxExclusiveAmount currencyID="EUR">1000.00</cbc:TaxExclusiveAmount>
		<cbc:TaxInclusiveAmount currencyID="EUR">1220.00</cbc:TaxInclusiveAmount>
		<cbc:PrepaidAmount currencyID="EUR">420.00</cbc:PrepaidAmount>		<!-- Ritenute -->
		<cbc:PayableAmount currencyID="EUR">800.00</cbc:PayableAmount>
	</cac:LegalMonetaryTotal>
	<cac:InvoiceLine>
		<cbc:ID>1</cbc:ID>
		<cbc:InvoicedQuantity unitCode="NAR">1.00</cbc:InvoicedQuantity>
		<cbc:LineExtensionAmount currencyID="EUR">1000.00</cbc:LineExtensionAmount>
		<cac:Item>
			<cbc:Name>Imponibile prestazione</cbc:Name>
			<cac:ClassifiedTaxCategory>
				<cbc:ID>B</cbc:ID>
				<cbc:Percent>22.00</cbc:Percent>
				<cac:TaxScheme>
					<cbc:ID>VAT</cbc:ID>
				</cac:TaxScheme>
			</cac:ClassifiedTaxCategory>
			<cac:AdditionalItemProperty>
				<cbc:Name>RITENUTA</cbc:Name>
				<cbc:Value>SI</cbc:Value>
			</cac:AdditionalItemProperty>
		</cac:Item>
		<cac:Price>
			<cbc:PriceAmount currencyID="EUR">1000.00</cbc:PriceAmount>
			<cbc:BaseQuantity unitCode="NAR">1</cbc:BaseQuantity>
			<cac:AllowanceCharge>
				<cbc:ChargeIndicator>false</cbc:ChargeIndicator>
				<cbc:Amount currencyID="EUR">0.00</cbc:Amount>
				<cbc:BaseAmount currencyID="EUR">1000.00</cbc:BaseAmount>
			</cac:AllowanceCharge>
		</cac:Price>
	</cac:InvoiceLine>
</Invoice>
