<?xml version="1.0" encoding="UTF-8"?>
<Invoice xsi:schemaLocation="urn:oasis:names:specification:ubl:schema:xsd:Invoice-2 UBL-Invoice-2.1.xsd" xmlns="urn:oasis:names:specification:ubl:schema:xsd:Invoice-2" xmlns:cac="urn:oasis:names:specification:ubl:schema:xsd:CommonAggregateComponents-2" xmlns:cbc="urn:oasis:names:specification:ubl:schema:xsd:CommonBasicComponents-2" xmlns:ccts="urn:un:unece:uncefact:documentation:2" xmlns:ext="urn:oasis:names:specification:ubl:schema:xsd:CommonExtensionComponents-2" xmlns:qdt="urn:oasis:names:specification:ubl:schema:xsd:QualifiedDatatypes-2" xmlns:udt="urn:un:unece:uncefact:data:specification:UnqualifiedDataTypesSchemaModule:2" xmlns:xsd="http://www.w3.org/2001/XMLSchema" xmlns:xsi="http://www.w3.org/2001/XMLSchema-instance" xmlns:cr="http://www.ubl-italia.org/ns/CrossReference">
	<ext:UBLExtensions>
		<ext:UBLExtension>
		<ext:ExtensionURI>urn:fdc:agid.gov.it:fatturapa:TipoDocumento</ext:ExtensionURI>
		<ext:ExtensionContent>
			<cbc:TypeCode>TD01</cbc:TypeCode>
		</ext:ExtensionContent>
		</ext:UBLExtension>
	</ext:UBLExtensions>
	<cbc:CustomizationID>urn:cen.eu:en16931:2017#compliant#urn:fdc:peppol.eu:2017:poacc:billing:3.0#conformant#urn:www.agid.gov.it:trns:fattura:3</cbc:CustomizationID>
	<cbc:ProfileID>urn:fdc:peppol.eu:2017:poacc:billing:01:1.0</cbc:ProfileID>
	<cbc:ID>19_FT_BIS3_V29_G2G</cbc:ID>
	<cbc:IssueDate>2021-02-06</cbc:IssueDate>
	<cbc:InvoiceTypeCode>380</cbc:InvoiceTypeCode>
	<cbc:DocumentCurrencyCode>EUR</cbc:DocumentCurrencyCode>
	<cbc:BuyerReference>110#2021-01-02#O92KTP</cbc:BuyerReference>
	<cac:OrderReference>
		<cbc:ID>110</cbc:ID>
		<cbc:IssueDate>2020-01-02</cbc:IssueDate>
	</cac:OrderReference>
	<cac:AccountingSupplierParty>
		<cac:Party>
			<cbc:EndpointID schemeID="0201">V13SCO</cbc:EndpointID>
			<cac:PostalAddress>
				<cbc:StreetName>Via Amendola,2</cbc:StreetName>
				<cbc:CityName>REGGIO EMILIA</cbc:CityName>
				<cbc:PostalZone>42100</cbc:PostalZone>
				<cbc:CountrySubentity>RE</cbc:CountrySubentity>
					<cac:Country>
				<cbc:IdentificationCode>IT</cbc:IdentificationCode>
			</cac:Country>
			</cac:PostalAddress>
			<cac:PartyTaxScheme>
				<cbc:CompanyID>IT02188520544</cbc:CompanyID>
				<cac:TaxScheme>
					<cbc:ID>VAT</cbc:ID>
				</cac:TaxScheme>
			</cac:PartyTaxScheme>
			<cac:PartyLegalEntity>
				<cbc:RegistrationName>USL Fornitore</cbc:RegistrationName>
				<cbc:CompanyID schemeID="0210">02188520544</cbc:CompanyID>
			</cac:PartyLegalEntity>
		</cac:Party>
	</cac:AccountingSupplierParty>
	<cac:AccountingCustomerParty>
		<cac:Party>
			<cbc:EndpointID schemeID="0201">O92KTP</cbc:EndpointID>
			<cac:PostalAddress>
				<cbc:StreetName>Via Cliente,2</cbc:StreetName>
				<cbc:CityName>REGGIO EMILIA</cbc:CityName>
				<cbc:PostalZone>42100</cbc:PostalZone>
				<cbc:CountrySubentity>RE</cbc:CountrySubentity>
				<cac:Country>
					<cbc:IdentificationCode>IT</cbc:IdentificationCode>
				</cac:Country>
			</cac:PostalAddress>
			<cac:PartyTaxScheme>
				<cbc:CompanyID>IT01598570354</cbc:CompanyID>
				<cac:TaxScheme>
					<cbc:ID>VAT</cbc:ID>
				</cac:TaxScheme>
			</cac:PartyTaxScheme>
			<cac:PartyLegalEntity>
				<cbc:RegistrationName>USL Cliente</cbc:RegistrationName>
				<cbc:CompanyID schemeID="0210">01598570354</cbc:CompanyID>
			</cac:PartyLegalEntity>
		</cac:Party>
	</cac:AccountingCustomerParty>
	<cac:PaymentMeans>
		<cbc:PaymentMeansCode>30</cbc:PaymentMeansCode>
		<cac:PayeeFinancialAccount>
			<cbc:ID>IT70X0638502437100000046454</cbc:ID>
			<cac:FinancialInstitutionBranch>
				<cbc:ID>UNCRIT2B</cbc:ID>
			</cac:FinancialInstitutionBranch>
		</cac:PayeeFinancialAccount>
	</cac:PaymentMeans>
	<cac:PaymentTerms>
		<cbc:Note>TP02</cbc:Note>
	</cac:PaymentTerms>
	<cac:TaxTotal>
		<cbc:TaxAmount currencyID="EUR">220.00</cbc:TaxAmount>
		<cac:TaxSubtotal>
			<cbc:TaxableAmount currencyID="EUR">1000.00</cbc:TaxableAmount>
			<cbc:TaxAmount currencyID="EUR">220.00</cbc:TaxAmount>
			<cac:TaxCategory>
				<cbc:ID>B</cbc:ID>
				<cbc:Percent>22</cbc:Percent>
				<cac:TaxScheme>
					<cbc:ID>VAT</cbc:ID>
				</cac:TaxScheme>
			</cac:TaxCategory>
		</cac:TaxSubtotal>
	</cac:TaxTotal>
	<cac:LegalMonetaryTotal>
		<cbc:LineExtensionAmount currencyID="EUR">1000.00</cbc:LineExtensionAmount>
		<cbc:TaxExclusiveAmount currencyID="EUR">1000.00</cbc:TaxExclusiveAmount>
		<cbc:TaxInclusiveAmount currencyID="EUR">1220.00</cbc:TaxInclusiveAmount>
		<cbc:PrepaidAmount currencyID="EUR">220.00</cbc:PrepaidAmount>
		<cbc:PayableAmount currencyID="EUR">1000.00</cbc:PayableAmount>
	</cac:LegalMonetaryTotal>
	<cac:InvoiceLine>
		<cbc:ID>1</cbc:ID>
		<cbc:InvoicedQuantity unitCode="C62">20.00000000</cbc:InvoicedQuantity>
		<cbc:LineExtensionAmount currencyID="EUR">100.00</cbc:LineExtensionAmount>
		<cbc:AccountingCost>B.09.01.068</cbc:AccountingCost>
		<cac:OrderLineReference>
			<cbc:LineID>1</cbc:LineID>
		</cac:OrderLineReference>
		<cac:Item>
			<cbc:Name>PRODOTTO 1</cbc:Name>
			<cac:SellersItemIdentification>
				<cbc:ID>138490</cbc:ID>
			</cac:SellersItemIdentification>
			<cac:ClassifiedTaxCategory>
				<cbc:ID>B</cbc:ID>
				<cbc:Percent>22</cbc:Percent>
				<cac:TaxScheme>
					<cbc:ID>VAT</cbc:ID>
				</cac:TaxScheme>
			</cac:ClassifiedTaxCategory>
		</cac:Item>
		<cac:Price>
			<cbc:PriceAmount currencyID="EUR">5.00</cbc:PriceAmount>
			<cac:AllowanceCharge>
				<cbc:ChargeIndicator>false</cbc:ChargeIndicator>
				<cbc:Amount currencyID="EUR">-1.00</cbc:Amount>
				<cbc:BaseAmount currencyID="EUR">4.00</cbc:BaseAmount>
			</cac:AllowanceCharge>
		</cac:Price>
	</cac:InvoiceLine>
	<cac:InvoiceLine>
		<cbc:ID>2</cbc:ID>
		<cbc:InvoicedQuantity unitCode="C62">3.00000000</cbc:InvoicedQuantity>
		<cbc:LineExtensionAmount currencyID="EUR">900.00</cbc:LineExtensionAmount>
		<cac:OrderLineReference>
			<cbc:LineID>3</cbc:LineID>
		</cac:OrderLineReference>
		<cac:DespatchLineReference>
			<cbc:LineID>NA</cbc:LineID>
			<cac:DocumentReference>
				<cbc:ID>24052/17</cbc:ID>
				<cbc:IssueDate>2021-01-22</cbc:IssueDate>
			</cac:DocumentReference>
		</cac:DespatchLineReference>
		<cac:Item>
			<cbc:Name>PRODOTTO 2</cbc:Name>
			<cac:SellersItemIdentification>
				<cbc:ID>140936</cbc:ID>
			</cac:SellersItemIdentification>
			<cac:ClassifiedTaxCategory>
				<cbc:ID>B</cbc:ID>
				<cbc:Percent>22</cbc:Percent>
				<cac:TaxScheme>
					<cbc:ID>VAT</cbc:ID>
				</cac:TaxScheme>
			</cac:ClassifiedTaxCategory>
		</cac:Item>
		<cac:Price>
			<cbc:PriceAmount currencyID="EUR">300.00</cbc:PriceAmount>
			<cac:AllowanceCharge>
				<cbc:ChargeIndicator>false</cbc:ChargeIndicator>
				<cbc:Amount currencyID="EUR">0.00</cbc:Amount>
				<cbc:BaseAmount currencyID="EUR">300.00</cbc:BaseAmount>
			</cac:AllowanceCharge>
		</cac:Price>
	</cac:InvoiceLine>
</Invoice>
