<?xml version="1.0" encoding="UTF-8"?>
<Invoice xsi:schemaLocation="urn:oasis:names:specification:ubl:schema:xsd:Invoice-2 UBL-Invoice-2.1.xsd" xmlns="urn:oasis:names:specification:ubl:schema:xsd:Invoice-2" xmlns:cac="urn:oasis:names:specification:ubl:schema:xsd:CommonAggregateComponents-2" xmlns:cbc="urn:oasis:names:specification:ubl:schema:xsd:CommonBasicComponents-2" xmlns:ccts="urn:un:unece:uncefact:documentation:2" xmlns:ext="urn:oasis:names:specification:ubl:schema:xsd:CommonExtensionComponents-2" xmlns:qdt="urn:oasis:names:specification:ubl:schema:xsd:QualifiedDatatypes-2" xmlns:udt="urn:un:unece:uncefact:data:specification:UnqualifiedDataTypesSchemaModule:2" xmlns:xsd="http://www.w3.org/2001/XMLSchema" xmlns:xsi="http://www.w3.org/2001/XMLSchema-instance" xmlns:cr="http://www.ubl-italia.org/ns/CrossReference">
	<cbc:CustomizationID>urn:cen.eu:en16931:2017#compliant#urn:fdc:peppol.eu:2017:poacc:billing:3.0#conformant#urn:www.agid.gov.it:trns:fattura:3</cbc:CustomizationID>
	<cbc:ProfileID>urn:fdc:peppol.eu:2017:poacc:billing:01:1.0</cbc:ProfileID>
	<cbc:ID>22_FT_BIS3_V29_B2G</cbc:ID>
	<cbc:IssueDate>2020-12-31</cbc:IssueDate>
	<cbc:InvoiceTypeCode>380</cbc:InvoiceTypeCode>
	<cbc:DocumentCurrencyCode>EUR</cbc:DocumentCurrencyCode>
	<cbc:BuyerReference>110#2020-11-30#O92KTP</cbc:BuyerReference>
	<cac:OrderReference>
		<cbc:ID>110</cbc:ID>
		<cbc:IssueDate>2020-11-30</cbc:IssueDate>
	</cac:OrderReference>
	<cac:DespatchDocumentReference>
		<cbc:ID>229032/B</cbc:ID>
		<cbc:IssueDate>2020-12-28</cbc:IssueDate>
	</cac:DespatchDocumentReference>
	<cac:AdditionalDocumentReference>
		<cbc:ID schemeID="AVV">36450</cbc:ID>
		<cbc:DocumentTypeCode>130</cbc:DocumentTypeCode>
	</cac:AdditionalDocumentReference>
	<cac:AccountingSupplierParty>
		<cac:Party>
			<cbc:EndpointID schemeID="0211">IT02188520544</cbc:EndpointID>
			<cac:PartyIdentification>
				<cbc:ID>REA:MI#323284</cbc:ID>
			</cac:PartyIdentification>
			<cac:PostalAddress>
				<cbc:StreetName>Via Amendola,2</cbc:StreetName>
				<cbc:CityName>REGGIO EMILIA</cbc:CityName>
				<cbc:PostalZone>42100</cbc:PostalZone>
				<cbc:CountrySubentity>RE</cbc:CountrySubentity>
				<cac:Country>
					<cbc:IdentificationCode>IT</cbc:IdentificationCode>
				</cac:Country>
			</cac:PostalAddress>
			<cac:PartyTaxScheme>
				<cbc:CompanyID>IT02188520544</cbc:CompanyID>
				<cac:TaxScheme>
					<cbc:ID>VAT</cbc:ID>
				</cac:TaxScheme>
			</cac:PartyTaxScheme>
			<cac:PartyLegalEntity>
				<cbc:RegistrationName>Farmaceutica SPA</cbc:RegistrationName>
				<cbc:CompanyID schemeID="0210">02188520544</cbc:CompanyID>
				<cbc:CompanyLegalForm>20000.00#SM#LN</cbc:CompanyLegalForm>
			</cac:PartyLegalEntity>
		</cac:Party>
	</cac:AccountingSupplierParty>
	<cac:AccountingCustomerParty>
		<cac:Party>
			<cbc:EndpointID schemeID="0201">O92KTP</cbc:EndpointID>
			<cac:PostalAddress>
				<cbc:StreetName>Via Cliente,2</cbc:StreetName>
				<cbc:CityName>REGGIO EMILIA</cbc:CityName>
				<cbc:PostalZone>42100</cbc:PostalZone>
				<cbc:CountrySubentity>RE</cbc:CountrySubentity>
				<cac:Country>
					<cbc:IdentificationCode>IT</cbc:IdentificationCode>
				</cac:Country>
			</cac:PostalAddress>
			<cac:PartyTaxScheme>
				<cbc:CompanyID>IT01598570354</cbc:CompanyID>
				<cac:TaxScheme>
					<cbc:ID>VAT</cbc:ID>
				</cac:TaxScheme>
			</cac:PartyTaxScheme>
			<cac:PartyLegalEntity>
				<cbc:RegistrationName>USL Cliente</cbc:RegistrationName>
				<cbc:CompanyID schemeID="0210">01598570354</cbc:CompanyID>
			</cac:PartyLegalEntity>
		</cac:Party>
	</cac:AccountingCustomerParty>
	<cac:PayeeParty>
		<cac:PartyIdentification>
			<cbc:ID>Mario#Rossi</cbc:ID>
		</cac:PartyIdentification>
		<cac:PartyName>
			<cbc:Name>Banca XYZ SPA</cbc:Name>
		</cac:PartyName>
		<cac:PartyLegalEntity>
			<cbc:CompanyID>SCRDVD85B24H355B</cbc:CompanyID>
		</cac:PartyLegalEntity>
	</cac:PayeeParty>
	<cac:PaymentMeans>
		<cbc:PaymentMeansCode>30</cbc:PaymentMeansCode>
		<cac:PayeeFinancialAccount>
			<cbc:ID>IT64W0100003245243300306301</cbc:ID>
		</cac:PayeeFinancialAccount>
	</cac:PaymentMeans>
	<cac:PaymentTerms>
		<cbc:Note>TP02</cbc:Note>
	</cac:PaymentTerms>
	<cac:TaxTotal>
		<cbc:TaxAmount currencyID="EUR">274.12</cbc:TaxAmount>
		<cac:TaxSubtotal>
			<cbc:TaxableAmount currencyID="EUR">1246.00</cbc:TaxableAmount>
			<cbc:TaxAmount currencyID="EUR">274.12</cbc:TaxAmount>
			<cac:TaxCategory>
				<cbc:ID>B</cbc:ID>
				<cbc:Percent>22</cbc:Percent>
				<cac:TaxScheme>
					<cbc:ID>VAT</cbc:ID>
				</cac:TaxScheme>
			</cac:TaxCategory>
		</cac:TaxSubtotal>
	</cac:TaxTotal>
	<cac:LegalMonetaryTotal>
		<cbc:LineExtensionAmount currencyID="EUR">1246.00</cbc:LineExtensionAmount>
		<cbc:TaxExclusiveAmount currencyID="EUR">1246.00</cbc:TaxExclusiveAmount>
		<cbc:TaxInclusiveAmount currencyID="EUR">1520.12</cbc:TaxInclusiveAmount>
		<cbc:PrepaidAmount currencyID="EUR">274.12</cbc:PrepaidAmount>
		<cbc:PayableAmount currencyID="EUR">1246.00</cbc:PayableAmount>
	</cac:LegalMonetaryTotal>
	<cac:InvoiceLine>
		<cbc:ID>1</cbc:ID>
		<cbc:InvoicedQuantity unitCode="XPK">20.00000000</cbc:InvoicedQuantity>
		<cbc:LineExtensionAmount currencyID="EUR">1246.00</cbc:LineExtensionAmount>
		<cbc:AccountingCost>B09.01.068</cbc:AccountingCost>
		<cac:Item>
			<cbc:Description>Farmaco Ebixa</cbc:Description>
			<cbc:Name>EBIXA 5MG/EROGAZIONE SOL. ORALE 50 ML</cbc:Name>
			<cac:SellersItemIdentification>
				<cbc:ID>AICFARMACO:025829211</cbc:ID>
			</cac:SellersItemIdentification>
			<cac:ClassifiedTaxCategory>
				<cbc:ID>B</cbc:ID>
				<cbc:Percent>22</cbc:Percent>
				<cac:TaxScheme>
					<cbc:ID>VAT</cbc:ID>
				</cac:TaxScheme>
			</cac:ClassifiedTaxCategory>
		</cac:Item>
		<cac:Price>
			<cbc:PriceAmount currencyID="EUR">62.3000</cbc:PriceAmount>
			<cbc:BaseQuantity unitCode="XPK">1</cbc:BaseQuantity>
			<cac:AllowanceCharge>
				<cbc:ChargeIndicator>false</cbc:ChargeIndicator>
				<cbc:Amount currencyID="EUR">0.00</cbc:Amount>
				<cbc:BaseAmount currencyID="EUR">62.3000</cbc:BaseAmount>
			</cac:AllowanceCharge>
		</cac:Price>
	</cac:InvoiceLine>
</Invoice>
