<?xml version="1.0" encoding="UTF-8"?>
<Invoice xmlns="urn:oasis:names:specification:ubl:schema:xsd:Invoice-2"
  xmlns:cac="urn:oasis:names:specification:ubl:schema:xsd:CommonAggregateComponents-2"
  xmlns:cbc="urn:oasis:names:specification:ubl:schema:xsd:CommonBasicComponents-2"
  xmlns:ext="urn:oasis:names:specification:ubl:schema:xsd:CommonExtensionComponents-2"
  xmlns:xsd="http://www.w3.org/2001/XMLSchema"
  xmlns:xsi="http://www.w3.org/2001/XMLSchema-instance"
  xmlns:cr="http://www.ubl-italia.org/ns/CrossReference" xsi:schemaLocation="urn:oasis:names:specification:ubl:schema:xsd:Invoice-2 ../xsd/maindoc/UBL-Invoice-2.1.xsd">

  <cbc:CustomizationID>urn:cen.eu:en16931:2017#compliant#urn:fdc:peppol.eu:2017:poacc:billing:3.0#conformant#urn:www.agid.gov.it:trns:fattura:3</cbc:CustomizationID>
  <cbc:ProfileID>urn:fdc:peppol.eu:2017:poacc:billing:01:1.0</cbc:ProfileID>
  <cbc:ID>7_FT_BIS3_V23.2</cbc:ID>
  <cbc:IssueDate>2020-02-13</cbc:IssueDate>
  <cbc:InvoiceTypeCode>380</cbc:InvoiceTypeCode>
  <cbc:DocumentCurrencyCode>EUR</cbc:DocumentCurrencyCode>
  <cbc:BuyerReference>110#2020-02-05#V13SCO</cbc:BuyerReference>
  <cac:OrderReference>
    <cbc:ID>110</cbc:ID>
    <cbc:IssueDate>2020-02-05</cbc:IssueDate>
  </cac:OrderReference>
  <cac:ContractDocumentReference>
    <cbc:ID>Contratto321</cbc:ID>
  </cac:ContractDocumentReference>
  <cac:AdditionalDocumentReference>
    <cbc:ID schemeID="AVV">RDA7DQ</cbc:ID>
    <cbc:DocumentTypeCode>130</cbc:DocumentTypeCode>
  </cac:AdditionalDocumentReference>
  <cac:AccountingSupplierParty>
    <cac:Party>
      <cbc:EndpointID schemeID="0211">IT02188520544</cbc:EndpointID>
      <cac:PartyName>
        <cbc:Name>USL Fornitore</cbc:Name>
      </cac:PartyName>
      <cac:PostalAddress>
        <cbc:StreetName>Via Amendola,2</cbc:StreetName>
        <cbc:CityName>REGGIO EMILIA</cbc:CityName>
        <cbc:PostalZone>42100</cbc:PostalZone>
        <cbc:CountrySubentity>RE</cbc:CountrySubentity>
        <cac:Country>
          <cbc:IdentificationCode>IT</cbc:IdentificationCode>
        </cac:Country>
      </cac:PostalAddress>
      <cac:PartyTaxScheme>
        <cbc:CompanyID>IT02188520544</cbc:CompanyID>
        <cac:TaxScheme>
          <cbc:ID>VAT</cbc:ID>
        </cac:TaxScheme>
      </cac:PartyTaxScheme>
      <cac:PartyLegalEntity>
        <cbc:RegistrationName>USL Fornitore</cbc:RegistrationName>
        <cbc:CompanyID schemeID="0210">02188520544</cbc:CompanyID>
      </cac:PartyLegalEntity>
    </cac:Party>
  </cac:AccountingSupplierParty>
  <cac:AccountingCustomerParty>
    <cac:Party>
      <cbc:EndpointID schemeID="0201">V13SCO</cbc:EndpointID>
      <cac:PartyName>
        <cbc:Name>USL Cliente</cbc:Name>
      </cac:PartyName>
      <cac:PostalAddress>
        <cbc:StreetName>Via Cliente,2</cbc:StreetName>
        <cbc:CityName>REGGIO EMILIA</cbc:CityName>
        <cbc:PostalZone>42100</cbc:PostalZone>
        <cbc:CountrySubentity>RE</cbc:CountrySubentity>
        <cac:Country>
          <cbc:IdentificationCode>IT</cbc:IdentificationCode>
        </cac:Country>
      </cac:PostalAddress>
      <cac:PartyTaxScheme>
        <cbc:CompanyID>IT01598570354</cbc:CompanyID>
        <cac:TaxScheme>
          <cbc:ID>VAT</cbc:ID>
        </cac:TaxScheme>
      </cac:PartyTaxScheme>
      <cac:PartyLegalEntity>
        <cbc:RegistrationName>USL Cliente</cbc:RegistrationName>
      </cac:PartyLegalEntity>
    </cac:Party>
  </cac:AccountingCustomerParty>


  <!--non obbligatorio-->
  <cac:PaymentMeans>
    <cbc:PaymentMeansCode>30</cbc:PaymentMeansCode>
    <cac:PayeeFinancialAccount>
      <cbc:ID>IT39G0503467010000000043000</cbc:ID>
      <cac:FinancialInstitutionBranch>
        <cbc:ID>UNCRIT2B</cbc:ID>
      </cac:FinancialInstitutionBranch>
    </cac:PayeeFinancialAccount>
  </cac:PaymentMeans>
  <!--non obbligatorio-->
  <cac:PaymentTerms>
    <cbc:Note>TP01</cbc:Note>
  </cac:PaymentTerms>
  <cac:AllowanceCharge>
    <cbc:ChargeIndicator>true</cbc:ChargeIndicator>
    <cbc:AllowanceChargeReasonCode>SAE</cbc:AllowanceChargeReasonCode>
    <cbc:AllowanceChargeReason>BOLLO</cbc:AllowanceChargeReason>
    <cbc:Amount currencyID="EUR">2.00</cbc:Amount>
    <cac:TaxCategory>
      <cbc:ID>Z</cbc:ID>
      <cbc:Percent>0.00</cbc:Percent>
      <cac:TaxScheme>
        <cbc:ID>VAT</cbc:ID>
      </cac:TaxScheme>
    </cac:TaxCategory>
  </cac:AllowanceCharge>
  <cac:TaxTotal>
    <cbc:TaxAmount currencyID="EUR">0.00</cbc:TaxAmount>
    <cac:TaxSubtotal>
      <cbc:TaxableAmount currencyID="EUR">992406.45</cbc:TaxableAmount>
      <cbc:TaxAmount currencyID="EUR">0.00</cbc:TaxAmount>
      <cac:TaxCategory>
        <cbc:ID>E</cbc:ID>
        <cbc:Percent>0</cbc:Percent>
        <cbc:TaxExemptionReasonCode>vatex-eu-132</cbc:TaxExemptionReasonCode>
        <cbc:TaxExemptionReason>N4</cbc:TaxExemptionReason>
        <cac:TaxScheme>
          <cbc:ID>VAT</cbc:ID>
        </cac:TaxScheme>
      </cac:TaxCategory>
    </cac:TaxSubtotal>
    <cac:TaxSubtotal>
      <cbc:TaxableAmount currencyID="EUR">2.00</cbc:TaxableAmount>
      <cbc:TaxAmount currencyID="EUR">0.00</cbc:TaxAmount>
      <cac:TaxCategory>
        <cbc:ID>Z</cbc:ID>
        <cbc:Percent>0</cbc:Percent>
        <cac:TaxScheme>
          <cbc:ID>VAT</cbc:ID>
        </cac:TaxScheme>
      </cac:TaxCategory>
    </cac:TaxSubtotal>
  </cac:TaxTotal>
  <cac:LegalMonetaryTotal>
    <cbc:LineExtensionAmount currencyID="EUR">992406.45</cbc:LineExtensionAmount>
    <cbc:TaxExclusiveAmount currencyID="EUR">992408.45</cbc:TaxExclusiveAmount>
    <cbc:TaxInclusiveAmount currencyID="EUR">992408.45</cbc:TaxInclusiveAmount>

    <cbc:ChargeTotalAmount currencyID="EUR">2.00</cbc:ChargeTotalAmount>
    <cbc:PayableAmount currencyID="EUR">992408.45</cbc:PayableAmount>
  </cac:LegalMonetaryTotal>
  <cac:InvoiceLine>
    <cbc:ID>1</cbc:ID>
    <cbc:InvoicedQuantity unitCode="C62">16921.00000000</cbc:InvoicedQuantity>
    <cbc:LineExtensionAmount currencyID="EUR">906137.17</cbc:LineExtensionAmount>
    <cac:DocumentReference>
      <cbc:ID schemeID="AGB">24090402B2</cbc:ID>
      <cbc:DocumentTypeCode>130</cbc:DocumentTypeCode>
    </cac:DocumentReference>
    <cac:Item>
      <cbc:Name>Prestazioni Ambulatoriali Modena e provincia</cbc:Name>
      <cac:SellersItemIdentification>
        <cbc:ID>1</cbc:ID>
      </cac:SellersItemIdentification>
      <cac:ClassifiedTaxCategory>
        <cbc:ID>E</cbc:ID>
        <cbc:Percent>0.00</cbc:Percent>
        <cac:TaxScheme>
          <cbc:ID>VAT</cbc:ID>
        </cac:TaxScheme>
      </cac:ClassifiedTaxCategory>
      <cac:AdditionalItemProperty>
        <cbc:Name>NATURA</cbc:Name>
        <cbc:Value>N4</cbc:Value>
      </cac:AdditionalItemProperty>
    </cac:Item>
    <cac:Price>
      <cbc:PriceAmount currencyID="EUR">53.55104131</cbc:PriceAmount>
      <cbc:BaseQuantity unitCode="C62">1</cbc:BaseQuantity>
      <cac:AllowanceCharge>
        <cbc:ChargeIndicator>false</cbc:ChargeIndicator>
        <cbc:Amount currencyID="EUR">0.00</cbc:Amount>
        <cbc:BaseAmount currencyID="EUR">53.55104131</cbc:BaseAmount>
      </cac:AllowanceCharge>
    </cac:Price>
  </cac:InvoiceLine>
  <cac:InvoiceLine>
    <cbc:ID>2</cbc:ID>
    <cbc:InvoicedQuantity unitCode="C62">1232.00000000</cbc:InvoicedQuantity>
    <cbc:LineExtensionAmount currencyID="EUR">59549.38</cbc:LineExtensionAmount>
    <cac:DocumentReference>
      <cbc:ID schemeID="AEP">E69H07000230002</cbc:ID>
      <cbc:DocumentTypeCode>130</cbc:DocumentTypeCode>
    </cac:DocumentReference>

    <cac:Item>
      <cbc:Name>Prestazioni Ambulatoriali Emilia Romagna</cbc:Name>
      <cac:SellersItemIdentification>
        <cbc:ID>3</cbc:ID>
      </cac:SellersItemIdentification>
      <cac:ClassifiedTaxCategory>
        <cbc:ID>E</cbc:ID>
        <cbc:Percent>0.00</cbc:Percent>
        <cac:TaxScheme>
          <cbc:ID>VAT</cbc:ID>
        </cac:TaxScheme>
      </cac:ClassifiedTaxCategory>
      <cac:AdditionalItemProperty>
        <cbc:Name>NATURA</cbc:Name>
        <cbc:Value>N4</cbc:Value>
      </cac:AdditionalItemProperty>
    </cac:Item>

    <cac:Price>
      <cbc:PriceAmount currencyID="EUR">48.33553571</cbc:PriceAmount>
      <cbc:BaseQuantity unitCode="C62">1</cbc:BaseQuantity>
      <cac:AllowanceCharge>
        <cbc:ChargeIndicator>false</cbc:ChargeIndicator>
        <cbc:Amount currencyID="EUR">0.00</cbc:Amount>
        <cbc:BaseAmount currencyID="EUR">48.33553571</cbc:BaseAmount>
      </cac:AllowanceCharge>
    </cac:Price>
  </cac:InvoiceLine>
  <cac:InvoiceLine>
    <cbc:ID>3</cbc:ID>
    <cbc:InvoicedQuantity unitCode="C62">361.00000000</cbc:InvoicedQuantity>
    <cbc:LineExtensionAmount currencyID="EUR">24584.00</cbc:LineExtensionAmount>
    <cac:Item>
      <cbc:Name>Prestazioni Ambulatoriali Nazionali</cbc:Name>
      <cac:SellersItemIdentification>
        <cbc:ID>4</cbc:ID>
      </cac:SellersItemIdentification>
      <cac:ClassifiedTaxCategory>
        <cbc:ID>E</cbc:ID>
        <cbc:Percent>0.00</cbc:Percent>
        <cac:TaxScheme>
          <cbc:ID>VAT</cbc:ID>
        </cac:TaxScheme>
      </cac:ClassifiedTaxCategory>
      <cac:AdditionalItemProperty>
        <cbc:Name>NATURA</cbc:Name>
        <cbc:Value>N4</cbc:Value>
      </cac:AdditionalItemProperty>
    </cac:Item>
    <cac:Price>
      <cbc:PriceAmount currencyID="EUR">68.09972299</cbc:PriceAmount>
      <cbc:BaseQuantity unitCode="C62">1</cbc:BaseQuantity>
      <cac:AllowanceCharge>
        <cbc:ChargeIndicator>false</cbc:ChargeIndicator>
        <cbc:Amount currencyID="EUR">0.00</cbc:Amount>
        <cbc:BaseAmount currencyID="EUR">68.09972299</cbc:BaseAmount>
      </cac:AllowanceCharge>
    </cac:Price>
  </cac:InvoiceLine>
  <cac:InvoiceLine>
    <cbc:ID>4</cbc:ID>
    <cbc:InvoicedQuantity unitCode="C62">40.00000000</cbc:InvoicedQuantity>
    <cbc:LineExtensionAmount currencyID="EUR">2135.90</cbc:LineExtensionAmount>
    <cac:Item>
      <cbc:Name>Prestazioni Ambulatoriali Esteri</cbc:Name>
      <cac:SellersItemIdentification>
        <cbc:ID>5</cbc:ID>
      </cac:SellersItemIdentification>
      <cac:ClassifiedTaxCategory>
        <cbc:ID>E</cbc:ID>
        <cbc:Percent>0.00</cbc:Percent>
        <cac:TaxScheme>
          <cbc:ID>VAT</cbc:ID>
        </cac:TaxScheme>
      </cac:ClassifiedTaxCategory>
      <cac:AdditionalItemProperty>
        <cbc:Name>NATURA</cbc:Name>
        <cbc:Value>N4</cbc:Value>
      </cac:AdditionalItemProperty>
    </cac:Item>
    <cac:Price>
      <cbc:PriceAmount currencyID="EUR">53.39750000</cbc:PriceAmount>
      <cbc:BaseQuantity unitCode="C62">1</cbc:BaseQuantity>
      <cac:AllowanceCharge>
        <cbc:ChargeIndicator>false</cbc:ChargeIndicator>
        <cbc:Amount currencyID="EUR">0.00</cbc:Amount>
        <cbc:BaseAmount currencyID="EUR">53.39750000</cbc:BaseAmount>
      </cac:AllowanceCharge>
    </cac:Price>
  </cac:InvoiceLine>
</Invoice>
