<?xml version="1.0" encoding="UTF-8"?>
<Order xmlns:xs="http://www.w3.org/2001/XMLSchema"
		xmlns="urn:oasis:names:specification:ubl:schema:xsd:Order-2"
		xmlns:cac="urn:oasis:names:specification:ubl:schema:xsd:CommonAggregateComponents-2"
		xmlns:cbc="urn:oasis:names:specification:ubl:schema:xsd:CommonBasicComponents-2">
	<cbc:CustomizationID>urn:fdc:peppol.eu:poacc:trns:order:3</cbc:CustomizationID>
	<cbc:ProfileID>urn:fdc:peppol.eu:poacc:bis:order_only:3</cbc:ProfileID>
	<cbc:ID>2018/10021125</cbc:ID>
	<cbc:IssueDate>2018-10-07</cbc:IssueDate>
	<cbc:OrderTypeCode listID="UNCL1001">220</cbc:OrderTypeCode>
	<cbc:Note>Ordine di Acquisto con Sconto Merce</cbc:Note>
	<cbc:DocumentCurrencyCode listID="ISO4217">EUR</cbc:DocumentCurrencyCode>
	<cac:ValidityPeriod>
		<cbc:EndDate>2018-12-31</cbc:EndDate>
	</cac:ValidityPeriod>
	<cac:OriginatorDocumentReference>
		<cbc:ID>2902205F50</cbc:ID>
	</cac:OriginatorDocumentReference>
	<cac:Contract>
		<cbc:ID>2016.123</cbc:ID>
	</cac:Contract>
	<cac:BuyerCustomerParty>
		<cac:Party>
			<cbc:EndpointID schemeID="0201">ABCDEF</cbc:EndpointID>
			<cac:PartyName>
				<cbc:Name>Acquirente Pubblico - Azienda Sanitaria</cbc:Name>
			</cac:PartyName>
			<cac:PostalAddress>
				<cbc:StreetName>Via Albertoni, 15</cbc:StreetName>
				<cbc:CityName>Bologna</cbc:CityName>
				<cbc:PostalZone>40138</cbc:PostalZone>
				<cbc:CountrySubentity>BO</cbc:CountrySubentity>
				<cac:AddressLine>
					<cbc:Line>Zona Periferia</cbc:Line>
				</cac:AddressLine>
				<cac:Country>
					<cbc:IdentificationCode listID="ISO3166-1:Alpha2">IT</cbc:IdentificationCode>
				</cac:Country>
			</cac:PostalAddress>
			<cac:PartyTaxScheme>
				<cbc:CompanyID>IT92038610371</cbc:CompanyID>
				<cac:TaxScheme>
					<cbc:ID>VAT</cbc:ID>
				</cac:TaxScheme>
			</cac:PartyTaxScheme>
			<cac:PartyLegalEntity>
				<cbc:RegistrationName>Acquirente Pubblico - Azienda Sanitaria</cbc:RegistrationName>
			</cac:PartyLegalEntity>
			<cac:Contact>
				<cbc:Name>Tizio Tizio</cbc:Name>
				<cbc:ElectronicMail>Acquirente@Aosp.BO.it</cbc:ElectronicMail>
			</cac:Contact>
		</cac:Party>
	</cac:BuyerCustomerParty>
	<cac:SellerSupplierParty>
		<cac:Party>
			<cbc:EndpointID schemeID="0201">1234567</cbc:EndpointID>
			<cac:PartyName>
				<cbc:Name>Venditore S.p.A.</cbc:Name>
			</cac:PartyName>
			<cac:PostalAddress>
				<cbc:StreetName>Via della Colombaia, 12</cbc:StreetName>
				<cbc:AdditionalStreetName>Deposito Consegnatario: ARS CHIRURGICA SRL (PMC), 05191815</cbc:AdditionalStreetName>
				<cbc:CityName>San Giovanni in Persiceto</cbc:CityName>
				<cbc:PostalZone>40017</cbc:PostalZone>
				<cbc:CountrySubentity>BO</cbc:CountrySubentity>
				<cac:AddressLine>
					<cbc:Line>Deposito Consegnatario: Venditore S.p.A</cbc:Line>
				</cac:AddressLine>
				<cac:Country>
					<cbc:IdentificationCode listID="ISO3166-1:Alpha2">IT</cbc:IdentificationCode>
				</cac:Country>
			</cac:PostalAddress>
			<cac:PartyLegalEntity>
				<cbc:RegistrationName>Venditore S.p.A.</cbc:RegistrationName>
				<cbc:CompanyID schemeID="9906">IT00495451205</cbc:CompanyID>
			</cac:PartyLegalEntity>
			<cac:Contact>
				<cbc:Name>Caio Caio</cbc:Name>
				<cbc:ElectronicMail>Venditore@italia.it</cbc:ElectronicMail>
			</cac:Contact>
		</cac:Party>
	</cac:SellerSupplierParty>
	<cac:AccountingCustomerParty>
		<cac:Party>
			<cbc:EndpointID schemeID="0201">ABCDEF</cbc:EndpointID>
			<cac:PartyIdentification>
				<cbc:ID schemeID="9907">92038610371</cbc:ID>
			</cac:PartyIdentification>
			<cac:PartyName>
				<cbc:Name>Acquirente Pubblico - Azienda Sanitaria</cbc:Name>
			</cac:PartyName>
			<cac:PostalAddress>
				<cbc:StreetName>Via Albertoni, 15</cbc:StreetName>
				<cbc:AdditionalStreetName>Risorse Economiche e Finanziarie</cbc:AdditionalStreetName>
				<cbc:CityName>Bologna</cbc:CityName>
				<cbc:PostalZone>40138</cbc:PostalZone>
				<cbc:CountrySubentity>BO</cbc:CountrySubentity>
				<cac:AddressLine>
					<cbc:Line>Risorse Economiche e Finanziarie:Stanza 18</cbc:Line>
				</cac:AddressLine>
				<cac:Country>
					<cbc:IdentificationCode listID="ISO3166-1:Alpha2">IT</cbc:IdentificationCode>
				</cac:Country>
			</cac:PostalAddress>
			<cac:PartyLegalEntity>
				<cbc:RegistrationName>Acquirente Pubblico - Azienda Sanitaria</cbc:RegistrationName>
			</cac:PartyLegalEntity>
			<cac:Contact>
				<cbc:Name>ResponsabileFatturazione</cbc:Name>
				<cbc:ElectronicMail>responsabile.fatturazione@ospedale.it</cbc:ElectronicMail>
			</cac:Contact>
		</cac:Party>
	</cac:AccountingCustomerParty>
	<cac:Delivery>
		<cac:DeliveryLocation>
			<cbc:ID>92038610371-C34</cbc:ID>
			<cac:Address>
				<cbc:StreetName>Viale Ercolani, 4</cbc:StreetName>
				<cbc:CityName>Bologna</cbc:CityName>
				<cbc:PostalZone>40138</cbc:PostalZone>
				<cbc:CountrySubentity>BO</cbc:CountrySubentity>
				<cac:AddressLine>
					<cbc:Line>Orario: Lun. - Ven. 8:00-13:00 / Sab. 8:00-12:00</cbc:Line>
				</cac:AddressLine>
				<cac:Country>
					<cbc:IdentificationCode listID="ISO3166-1:Alpha2">IT</cbc:IdentificationCode>
				</cac:Country>
			</cac:Address>
		</cac:DeliveryLocation>
		<cac:DeliveryParty>
			<cac:PartyIdentification>
				<cbc:ID schemeID="0201">ABCDEF</cbc:ID>
			</cac:PartyIdentification>
			<cac:PartyName>
				<cbc:Name>Centro Logistico Beni Sanit-Ecom Area 2</cbc:Name>
			</cac:PartyName>
			<cac:Contact>
				<cbc:Name>ResponsabileMagazzino</cbc:Name>
				<cbc:Telephone>0516361509</cbc:Telephone>
				<cbc:ElectronicMail>responsabile.magazzino@azienda sanitaria.it</cbc:ElectronicMail>
			</cac:Contact>
		</cac:DeliveryParty>
	</cac:Delivery>
	<cac:DeliveryTerms>
		<cbc:ID>PORTO FRANCO</cbc:ID>
	</cac:DeliveryTerms>
	<cac:PaymentTerms>
		<cbc:Note>D.LGS. 231/2002 S.M.I.</cbc:Note>
	</cac:PaymentTerms>
	<cac:TaxTotal>
		<cbc:TaxAmount currencyID="EUR">8.80</cbc:TaxAmount>
	</cac:TaxTotal>
	<!--Gestione Arrotondamenti su 0.5 (eccesso, difetto)-->
	<cac:AnticipatedMonetaryTotal>
		<cbc:LineExtensionAmount currencyID="EUR">40.00</cbc:LineExtensionAmount>
		<cbc:TaxExclusiveAmount currencyID="EUR">40.00</cbc:TaxExclusiveAmount>
		<cbc:TaxInclusiveAmount currencyID="EUR">48.80</cbc:TaxInclusiveAmount>
		<cbc:PayableAmount currencyID="EUR">48.80</cbc:PayableAmount>
	</cac:AnticipatedMonetaryTotal>
	<cac:OrderLine>
		<cac:LineItem>
			<cbc:ID>1</cbc:ID>
			<cbc:Quantity unitCode="C62" unitCodeListID="UNECERec20">10</cbc:Quantity>
			<cbc:LineExtensionAmount currencyID="EUR">40.00</cbc:LineExtensionAmount>
			<cac:Price>
				<cbc:PriceAmount currencyID="EUR">4.00000</cbc:PriceAmount>
			</cac:Price>
			<cac:Item>
				<cbc:Description>Prodotto con iva</cbc:Description>
				<cbc:Name>Farmaco xy</cbc:Name>
				<cac:SellersItemIdentification>
					<cbc:ID>1005</cbc:ID>
				</cac:SellersItemIdentification>
				<cac:ClassifiedTaxCategory>
					<cbc:ID schemeID="UNCL5305">S</cbc:ID>
					<cbc:Percent>22</cbc:Percent>
					<cac:TaxScheme>
						<cbc:ID>VAT</cbc:ID>
					</cac:TaxScheme>
				</cac:ClassifiedTaxCategory>
			</cac:Item>
		</cac:LineItem>
	</cac:OrderLine>
	<cac:OrderLine>
		<cac:LineItem>
			<cbc:ID>2</cbc:ID>
			<cbc:Quantity unitCode="C62" unitCodeListID="UNECERec20">10</cbc:Quantity>
			<cbc:LineExtensionAmount currencyID="EUR">0.00</cbc:LineExtensionAmount>
			<cac:AllowanceCharge>
				<cbc:ChargeIndicator>false</cbc:ChargeIndicator>
				<cbc:AllowanceChargeReasonCode>95</cbc:AllowanceChargeReasonCode>
				<cbc:AllowanceChargeReason>Sconto Merce</cbc:AllowanceChargeReason>
				<cbc:Amount currencyID="EUR">90.00</cbc:Amount>
			</cac:AllowanceCharge>
			<cac:Price>
				<cbc:PriceAmount currencyID="EUR">9.00000</cbc:PriceAmount>
			</cac:Price>
			<cac:Item>
				<cbc:Description>Prodotto in sconto merce</cbc:Description>
				<cbc:Name>ARTICOLO MERCE</cbc:Name>
				<cac:SellersItemIdentification>
					<cbc:ID>12345</cbc:ID>
				</cac:SellersItemIdentification>
				<cac:ClassifiedTaxCategory>
					<cbc:ID schemeID="UNCL5305">O</cbc:ID>
					<cbc:Percent>0</cbc:Percent>
					<cac:TaxScheme>
						<cbc:ID>VAT</cbc:ID>
					</cac:TaxScheme>
				</cac:ClassifiedTaxCategory>
			</cac:Item>
		</cac:LineItem>
	</cac:OrderLine>
</Order>
