<?xml version="1.0" encoding="UTF-8"?>
<DespatchAdvice xmlns="urn:oasis:names:specification:ubl:schema:xsd:DespatchAdvice-2"
	xmlns:cac="urn:oasis:names:specification:ubl:schema:xsd:CommonAggregateComponents-2"
	xmlns:cbc="urn:oasis:names:specification:ubl:schema:xsd:CommonBasicComponents-2">
	<cbc:CustomizationID>urn:fdc:peppol.eu:poacc:trns:despatch_advice:3:extended:urn:www.agid.gov.it:trns:ddt:3.1</cbc:CustomizationID>
	<cbc:ProfileID>urn:fdc:peppol.eu:poacc:bis:despatch_advice:3</cbc:ProfileID>
	<cbc:ID>V000016344</cbc:ID>
	<cbc:IssueDate>2014-08-28</cbc:IssueDate>
	<cbc:Note>Caso d'uso 4 - Spedizione con indicazione del peso, lunghezza e/o volume degli articoli merce</cbc:Note>
	<cac:DespatchSupplierParty>
		<cac:Party>
			<cbc:EndpointID schemeID="0211">IT00204260285</cbc:EndpointID>
			<cac:PartyIdentification>
				<cbc:ID schemeID="0211">IT00204260285</cbc:ID>
			</cac:PartyIdentification>
			<cac:PostalAddress>
				<cbc:StreetName>Via Lucio Dalla 1</cbc:StreetName>
				<cbc:CityName>Bologna</cbc:CityName>
				<cbc:PostalZone>40121</cbc:PostalZone>
				<cbc:CountrySubentity>BO</cbc:CountrySubentity>
				<cac:Country>
					<cbc:IdentificationCode>IT</cbc:IdentificationCode>
				</cac:Country>
			</cac:PostalAddress>
			<cac:PartyLegalEntity>
				<cbc:RegistrationName>STM Group</cbc:RegistrationName>
			</cac:PartyLegalEntity>
			<cac:Contact>
				<cbc:Name>Ufficio Spedizioni</cbc:Name>
				<cbc:Telephone>029506981</cbc:Telephone>
			</cac:Contact>
		</cac:Party>
	</cac:DespatchSupplierParty>
	<cac:DeliveryCustomerParty>
		<cac:Party>
			<cbc:EndpointID schemeID="0201">ufr9wk</cbc:EndpointID>
			<cac:PartyIdentification>
				<cbc:ID schemeID="0210">02241850367</cbc:ID>
			</cac:PartyIdentification>
			<cac:PostalAddress>
				<cbc:StreetName>Via De Gasperi, 8</cbc:StreetName>
				<cbc:CityName>Ravenna</cbc:CityName>
				<cbc:PostalZone>48121</cbc:PostalZone>
				<cbc:CountrySubentity>RA</cbc:CountrySubentity>
				<cac:Country>
					<cbc:IdentificationCode>IT</cbc:IdentificationCode>
				</cac:Country>
			</cac:PostalAddress>
			<cac:PartyLegalEntity>
				<cbc:RegistrationName>Azienda USL della Romagna</cbc:RegistrationName>
			</cac:PartyLegalEntity>
		</cac:Party>
		<cac:DeliveryContact>
			<cbc:Name>Magazzino Pievesestina</cbc:Name>
			<cbc:Telephone>0547394917</cbc:Telephone>
		</cac:DeliveryContact>
	</cac:DeliveryCustomerParty>
	<cac:BuyerCustomerParty>
		<cac:Party>
			<cac:PartyIdentification>
				<cbc:ID schemeID="0210">02241850367</cbc:ID>
			</cac:PartyIdentification>
			<cac:PartyName>
				<cbc:Name>Azienda USL della Romagna</cbc:Name>
			</cac:PartyName>
			<cac:PostalAddress>
				<cbc:StreetName>Via De Gasperi, 8</cbc:StreetName>
				<cbc:CityName>Ravenna</cbc:CityName>
				<cbc:PostalZone>48121</cbc:PostalZone>
				<cbc:CountrySubentity>RA</cbc:CountrySubentity>
				<cac:Country>
					<cbc:IdentificationCode>IT</cbc:IdentificationCode>
				</cac:Country>
			</cac:PostalAddress>
		</cac:Party>
	</cac:BuyerCustomerParty>
	<cac:SellerSupplierParty>
		<cac:Party>
			<cac:PartyIdentification>
				<cbc:ID schemeID="0211">IT00204260285</cbc:ID>
			</cac:PartyIdentification>
			<cac:PartyName>
				<cbc:Name>STM Group</cbc:Name>
			</cac:PartyName>
			<cac:PostalAddress>
				<cbc:StreetName>Via Lucio Dalla 1</cbc:StreetName>
				<cbc:CityName>Bologna</cbc:CityName>
				<cbc:PostalZone>40121</cbc:PostalZone>
				<cbc:CountrySubentity>BO</cbc:CountrySubentity>
				<cac:Country>
					<cbc:IdentificationCode>IT</cbc:IdentificationCode>
				</cac:Country>
			</cac:PostalAddress>
		</cac:Party>
	</cac:SellerSupplierParty>
	<cac:Shipment>
		<cbc:ID>STM 0001946113</cbc:ID>
		<cbc:Information>Vendita</cbc:Information>
		<cbc:GrossWeightMeasure unitCode="KGM">165.440</cbc:GrossWeightMeasure>
		<cbc:TotalTransportHandlingUnitQuantity>48</cbc:TotalTransportHandlingUnitQuantity>
		<cac:Consignment>
			<cbc:ID>STM 0001946113</cbc:ID>
			<cbc:Information>Porto Franco</cbc:Information>
			<cac:CarrierParty>
				<cac:PartyIdentification>
					<cbc:ID schemeID="0211">IT00204260285</cbc:ID>
				</cac:PartyIdentification>
				<cac:PartyName>
					<cbc:Name>COOP</cbc:Name>
				</cac:PartyName>
				<cac:PostalAddress>
					<cbc:StreetName>Via Europa 100</cbc:StreetName>
					<cbc:AdditionalStreetName>Palazzo A</cbc:AdditionalStreetName>
					<cbc:CityName>Bologna</cbc:CityName>
					<cbc:PostalZone>40121</cbc:PostalZone>
					<cbc:CountrySubentity>Bologna</cbc:CountrySubentity>
					<cac:Country>
						<cbc:IdentificationCode>IT</cbc:IdentificationCode>
					</cac:Country>
				</cac:PostalAddress>
			</cac:CarrierParty>
		</cac:Consignment>
		<cac:Delivery>
			<cbc:TrackingID>STM 0001946113</cbc:TrackingID>
			<cac:Despatch>
				<cac:DespatchAddress>
					<cbc:StreetName>Via De Gasperi, 17</cbc:StreetName>
					<cbc:CityName>Ravenna</cbc:CityName>
					<cbc:PostalZone>48121</cbc:PostalZone>
					<cbc:CountrySubentity>RA</cbc:CountrySubentity>
					<cac:AddressLine>
						<cbc:Line>Magazzino Unico AUSL</cbc:Line>
					</cac:AddressLine>
					<cac:Country>
							<cbc:IdentificationCode>IT</cbc:IdentificationCode>
					</cac:Country>
				</cac:DespatchAddress>
			</cac:Despatch>
		</cac:Delivery>
	</cac:Shipment>
	<cac:DespatchLine>
		<cbc:ID>1</cbc:ID>
		<cbc:DeliveredQuantity unitCode="KGM">23.00</cbc:DeliveredQuantity>
		<cac:OrderLineReference>
			<cbc:LineID>1</cbc:LineID>
			<cac:OrderReference>
				<cbc:ID>2985#2014-08-25#ufr9wk</cbc:ID>
			</cac:OrderReference>
		</cac:OrderLineReference>
		<cac:Item>
			<cbc:Name>CARNE DI MANZO</cbc:Name>
			<cac:SellersItemIdentification>
				<cbc:ID>101500H</cbc:ID>
			</cac:SellersItemIdentification>
			<cac:StandardItemIdentification>
				<cbc:ID schemeID="0160">028440030</cbc:ID>
			</cac:StandardItemIdentification>
			<cac:ItemInstance>
				<cbc:BestBeforeDate>2017-06-30</cbc:BestBeforeDate>
				<cac:LotIdentification>
					<cbc:LotNumberID>126200</cbc:LotNumberID>
				</cac:LotIdentification>
			</cac:ItemInstance>
		</cac:Item>
		<cac:Shipment>
			<cbc:ID>NA</cbc:ID>
			<cbc:HandlingCode>11</cbc:HandlingCode>
			<cac:TransportHandlingUnit>
				<cbc:ID>12345</cbc:ID>
				<cbc:TransportHandlingUnitTypeCode>CT</cbc:TransportHandlingUnitTypeCode>
				<cbc:HazardousRiskIndicator>false</cbc:HazardousRiskIndicator>
				<cbc:ShippingMarks>Testo libero che viene scritto/stampato sull’unità logistica</cbc:ShippingMarks>
				<cac:MeasurementDimension>
					<cbc:AttributeID>AAB</cbc:AttributeID>
					<cbc:Measure unitCode="KGM">25.00</cbc:Measure>
				</cac:MeasurementDimension>
			</cac:TransportHandlingUnit>
		</cac:Shipment>
	</cac:DespatchLine>
	<cac:DespatchLine>
		<cbc:ID>2</cbc:ID>
		<cbc:DeliveredQuantity unitCode="KGM">50.00</cbc:DeliveredQuantity>
		<cac:OrderLineReference>
			<cbc:LineID>2</cbc:LineID>
			<cac:OrderReference>
				<cbc:ID>2985#2014-08-25#ufr9wk</cbc:ID>
			</cac:OrderReference>
		</cac:OrderLineReference>
		<cac:Item>
			<cbc:Name>MELE</cbc:Name>
			<cac:SellersItemIdentification>
				<cbc:ID>687571D</cbc:ID>
			</cac:SellersItemIdentification>
			<cac:StandardItemIdentification>
				<cbc:ID schemeID="0160">022440070</cbc:ID>
			</cac:StandardItemIdentification>
			<cac:ItemInstance>
				<cbc:BestBeforeDate>2019-06-20</cbc:BestBeforeDate>
				<cac:LotIdentification>
					<cbc:LotNumberID>987645FF</cbc:LotNumberID>
				</cac:LotIdentification>
			</cac:ItemInstance>
		</cac:Item>
		<cac:Shipment>
			<cbc:ID>NA</cbc:ID>
			<cbc:HandlingCode>11</cbc:HandlingCode>
			<cac:TransportHandlingUnit>
				<cbc:ID>54321</cbc:ID>
				<cbc:TransportHandlingUnitTypeCode>CT</cbc:TransportHandlingUnitTypeCode>
				<cbc:HazardousRiskIndicator>false</cbc:HazardousRiskIndicator>
				<cbc:ShippingMarks>Testo libero che viene scritto/stampato sull’unità logistica</cbc:ShippingMarks>
				<cac:MeasurementDimension>
					<cbc:AttributeID>AAB</cbc:AttributeID>
					<cbc:Measure unitCode="KGM">52.00</cbc:Measure>
				</cac:MeasurementDimension>
			</cac:TransportHandlingUnit>
		</cac:Shipment>
	</cac:DespatchLine>
	<cac:DespatchLine>
		<cbc:ID>3</cbc:ID>
		<cbc:DeliveredQuantity unitCode="KGM">30.00</cbc:DeliveredQuantity>
		<cac:OrderLineReference>
			<cbc:LineID>3</cbc:LineID>
			<cac:OrderReference>
				<cbc:ID>2985#2014-08-25#ufr9wk</cbc:ID>
			</cac:OrderReference>
		</cac:OrderLineReference>
		<cac:Item>
			<cbc:Name>PASTA</cbc:Name>
			<cac:SellersItemIdentification>
				<cbc:ID>009875V</cbc:ID>
			</cac:SellersItemIdentification>
			<cac:StandardItemIdentification>
				<cbc:ID schemeID="0160">045640070</cbc:ID>
			</cac:StandardItemIdentification>
			<cac:ItemInstance>
				<cbc:BestBeforeDate>2022-02-15</cbc:BestBeforeDate>
				<cac:LotIdentification>
					<cbc:LotNumberID>987325HB</cbc:LotNumberID>
				</cac:LotIdentification>
			</cac:ItemInstance>
		</cac:Item>
		<cac:Shipment>
			<cbc:ID>NA</cbc:ID>
			<cbc:HandlingCode>11</cbc:HandlingCode>
			<cac:TransportHandlingUnit>
				<cbc:ID>67890</cbc:ID>
				<cbc:TransportHandlingUnitTypeCode>PX</cbc:TransportHandlingUnitTypeCode>
				<cbc:HazardousRiskIndicator>false</cbc:HazardousRiskIndicator>
				<cbc:ShippingMarks>Testo libero che viene scritto/stampato sull’unità logistica</cbc:ShippingMarks>
				<cac:MeasurementDimension>
					<cbc:AttributeID>AAB</cbc:AttributeID>
					<cbc:Measure unitCode="KGM">32.00</cbc:Measure>
				</cac:MeasurementDimension>
			</cac:TransportHandlingUnit>
		</cac:Shipment>
	</cac:DespatchLine>
	<cac:DespatchLine>
		<cbc:ID>4</cbc:ID>
		<cbc:DeliveredQuantity unitCode="LTR">50</cbc:DeliveredQuantity>
		<cac:OrderLineReference>
			<cbc:LineID>4</cbc:LineID>
			<cac:OrderReference>
				<cbc:ID>2985#2014-08-25#ufr9wk</cbc:ID>
			</cac:OrderReference>
		</cac:OrderLineReference>
		<cac:Item>
			<cbc:Name>LATTE UHT</cbc:Name>
			<cac:SellersItemIdentification>
				<cbc:ID>198463F</cbc:ID>
			</cac:SellersItemIdentification>
			<cac:StandardItemIdentification>
				<cbc:ID schemeID="0160">036123040</cbc:ID>
			</cac:StandardItemIdentification>
			<cac:ItemInstance>
				<cbc:BestBeforeDate>2017-03-18</cbc:BestBeforeDate>
				<cac:LotIdentification>
					<cbc:LotNumberID>572975LK</cbc:LotNumberID>
				</cac:LotIdentification>
			</cac:ItemInstance>
		</cac:Item>
		<cac:Shipment>
			<cbc:ID>NA</cbc:ID>
			<cbc:HandlingCode>11</cbc:HandlingCode>
			<cac:TransportHandlingUnit>
				<cbc:ID>09876</cbc:ID>
				<cbc:TransportHandlingUnitTypeCode>CT</cbc:TransportHandlingUnitTypeCode>
				<cbc:HazardousRiskIndicator>false</cbc:HazardousRiskIndicator>
				<cbc:ShippingMarks>Testo libero che viene scritto/stampato sull’unità logistica</cbc:ShippingMarks>
				<cac:MeasurementDimension>
					<cbc:AttributeID>AAB</cbc:AttributeID>
					<cbc:Measure unitCode="KGM">57.00</cbc:Measure>
				</cac:MeasurementDimension>
			</cac:TransportHandlingUnit>
		</cac:Shipment>
	</cac:DespatchLine>
</DespatchAdvice>
