<?xml version="1.0" encoding="UTF-8"?>
<DespatchAdvice xmlns="urn:oasis:names:specification:ubl:schema:xsd:DespatchAdvice-2"
	xmlns:cac="urn:oasis:names:specification:ubl:schema:xsd:CommonAggregateComponents-2"
	xmlns:cbc="urn:oasis:names:specification:ubl:schema:xsd:CommonBasicComponents-2">
	<cbc:CustomizationID>urn:fdc:peppol.eu:poacc:trns:despatch_advice:3:extended:urn:www.agid.gov.it:trns:ddt:3.1</cbc:CustomizationID>
	<cbc:ProfileID>urn:fdc:peppol.eu:poacc:bis:despatch_advice:3</cbc:ProfileID>
	<cbc:ID>V000016342</cbc:ID>
	<cbc:IssueDate>2014-08-28</cbc:IssueDate>
	<cbc:Note>BOLLA</cbc:Note>
	<cac:DespatchSupplierParty>
		<cac:Party>
			<cbc:EndpointID schemeID="0211">IT00204260285</cbc:EndpointID>
			<cac:PostalAddress>
				<cbc:StreetName>Via Lucio Dalla 1</cbc:StreetName>
				<cbc:CityName>Bologna</cbc:CityName>
				<cbc:PostalZone>40121</cbc:PostalZone>
				<cbc:CountrySubentity>Bologna</cbc:CountrySubentity>
				<cac:Country>
					<cbc:IdentificationCode>IT</cbc:IdentificationCode>
				</cac:Country>
			</cac:PostalAddress>
			<cac:PartyLegalEntity>
				<cbc:RegistrationName>STM Group</cbc:RegistrationName>
			</cac:PartyLegalEntity>
			<cac:Contact>
				<cbc:Name>Deposito Logistica Integrata</cbc:Name>
				<cbc:Telephone>029506981</cbc:Telephone>
			</cac:Contact>
		</cac:Party>
	</cac:DespatchSupplierParty>
	<cac:DeliveryCustomerParty>
		<cac:Party>
			<cbc:EndpointID schemeID="0201">ufr9wk</cbc:EndpointID>
			<cac:PostalAddress>
				<cbc:StreetName>Via De Gasperi, 8</cbc:StreetName>
				<cbc:AdditionalStreetName>Destinatario</cbc:AdditionalStreetName>
				<cbc:CityName>Ravenna</cbc:CityName>
				<cbc:PostalZone>48121</cbc:PostalZone>
				<cbc:CountrySubentity>RA</cbc:CountrySubentity>
				<cac:Country>
					<cbc:IdentificationCode>IT</cbc:IdentificationCode>
				</cac:Country>
			</cac:PostalAddress>
			<cac:PartyLegalEntity>
				<cbc:RegistrationName>Azienda Ausl della Romagna</cbc:RegistrationName>
			</cac:PartyLegalEntity>
		</cac:Party>
		<cac:DeliveryContact>
			<cbc:Name>Magazzino Unico di Area Vasta</cbc:Name>
			<cbc:Telephone>0547394917</cbc:Telephone>
		</cac:DeliveryContact>
	</cac:DeliveryCustomerParty>
	<cac:BuyerCustomerParty>
		<cac:Party>
			<cac:PartyIdentification>
				<cbc:ID schemeID="0210">02483810392</cbc:ID>
			</cac:PartyIdentification>
			<cac:PartyName>
				<cbc:Name>Azienda Ausl della Romagna</cbc:Name>
			</cac:PartyName>
			<cac:PostalAddress>
				<cbc:StreetName>Via Napoli 1</cbc:StreetName>
				<cbc:CityName>Milano</cbc:CityName>
				<cbc:PostalZone>20100</cbc:PostalZone>
				<cbc:CountrySubentity>MI</cbc:CountrySubentity>
				<cac:Country>
					<cbc:IdentificationCode>IT</cbc:IdentificationCode>
				</cac:Country>
			</cac:PostalAddress>
		</cac:Party>
	</cac:BuyerCustomerParty>
	<cac:SellerSupplierParty>
		<cac:Party>
			<cac:PartyIdentification>
				<cbc:ID schemeID="0211">IT00204260285</cbc:ID>
			</cac:PartyIdentification>
			<cac:PartyName>
				<cbc:Name>FIDIA FARMACEUTICI S.p.A</cbc:Name>
			</cac:PartyName>
			<cac:PostalAddress>
				<cbc:StreetName>Via Napoli 1</cbc:StreetName>
				<cbc:CityName>Milano</cbc:CityName>
				<cbc:PostalZone>20100</cbc:PostalZone>
				<cbc:CountrySubentity>MI</cbc:CountrySubentity>
				<cac:Country>
					<cbc:IdentificationCode>IT</cbc:IdentificationCode>
				</cac:Country>
			</cac:PostalAddress>
		</cac:Party>
	</cac:SellerSupplierParty>
	<cac:OriginatorCustomerParty>
		<cac:Party>
			<cac:PartyIdentification>
				<cbc:ID schemeID="0210">02483810392</cbc:ID>
			</cac:PartyIdentification>
			<cac:PartyName>
				<cbc:Name>Magazzino Unico di Area Vasta</cbc:Name>
			</cac:PartyName>
		</cac:Party>
	</cac:OriginatorCustomerParty>
	<cac:Shipment>
		<cbc:ID>STM 0001946113</cbc:ID>
		<cbc:Information>Vendita</cbc:Information>
		<cbc:GrossWeightMeasure unitCode="KGM">165.440</cbc:GrossWeightMeasure>
		<cbc:TotalTransportHandlingUnitQuantity>22</cbc:TotalTransportHandlingUnitQuantity>
		<cac:Consignment>
			<cbc:ID>STM 0001946113</cbc:ID>
			<!--Informazione Porto Franco-->
			<cbc:Information>Porto Franco</cbc:Information>
			<cac:CarrierParty>
				<cac:PartyIdentification>
					<cbc:ID schemeID="0211">IT00204260285</cbc:ID>
				</cac:PartyIdentification>
				<cac:PartyName>
					<cbc:Name>EURODIFARM SRL</cbc:Name>
				</cac:PartyName>
				<cac:PostalAddress>
					<cbc:StreetName>Via Europa 100</cbc:StreetName>
					<cbc:AdditionalStreetName>Palazzo A</cbc:AdditionalStreetName>
					<cbc:CityName>Bologna</cbc:CityName>
					<cbc:PostalZone>40121</cbc:PostalZone>
					<cbc:CountrySubentity>Bologna</cbc:CountrySubentity>
					<cac:Country>
						<cbc:IdentificationCode>IT</cbc:IdentificationCode>
					</cac:Country>
				</cac:PostalAddress>
			</cac:CarrierParty>
		</cac:Consignment>
		<cac:Delivery>
			<cbc:TrackingID>STM 0001946113</cbc:TrackingID>
		</cac:Delivery>
	</cac:Shipment>
	<cac:DespatchLine>
		<cbc:ID>1</cbc:ID>
		<cbc:Note>Quantità Ordinati su Ordine:10 Prova Inevasa 1</cbc:Note>
		<cbc:DeliveredQuantity unitCode="H87">6</cbc:DeliveredQuantity>
		<cbc:OutstandingQuantity unitCode="H87">4</cbc:OutstandingQuantity>
		<cbc:OutstandingReason>Quantità da spedire successivamente con altro DDT</cbc:OutstandingReason>
		<cac:OrderLineReference>
			<cbc:LineID>1</cbc:LineID>
			<cac:OrderReference>
				<cbc:ID>100#2014-08-25#ufr9wk</cbc:ID>
			</cac:OrderReference>
		</cac:OrderLineReference>
		<cac:Item>
			<cbc:Name>CONNETTIVINA CREMA PLUS 25G</cbc:Name>
			<cac:SellersItemIdentification>
				<cbc:ID>101500H</cbc:ID>
			</cac:SellersItemIdentification>
			<cac:StandardItemIdentification>
				<cbc:ID schemeID="0160">028440030</cbc:ID>
			</cac:StandardItemIdentification>
			<cac:ItemInstance>
				<!--Lotto-->
				<cac:LotIdentification>
					<cbc:LotNumberID>126200</cbc:LotNumberID>
					<cbc:ExpiryDate>2017-06-30</cbc:ExpiryDate>
				</cac:LotIdentification>
			</cac:ItemInstance>
		</cac:Item>
	</cac:DespatchLine>
	<cac:DespatchLine>
		<cbc:ID>2</cbc:ID>
		<cbc:Note>Quantità Ordinati su Ordine:10 Prova Inevasa 2</cbc:Note>
		<cbc:DeliveredQuantity unitCode="NAR">6</cbc:DeliveredQuantity>
		<cbc:OutstandingQuantity unitCode="NAR">0</cbc:OutstandingQuantity>
		<cbc:OutstandingReason>Non presenti in magazzino</cbc:OutstandingReason>
		<cac:OrderLineReference>
			<cbc:LineID>1</cbc:LineID>
			<cac:OrderReference>
				<cbc:ID>200#2014-08-25#ufr9wk</cbc:ID>
			</cac:OrderReference>
		</cac:OrderLineReference>
		<cac:Item>
			<cbc:Name>MAALOX</cbc:Name>
			<cac:SellersItemIdentification>
				<cbc:ID>68757</cbc:ID>
			</cac:SellersItemIdentification>
			<cac:StandardItemIdentification>
				<cbc:ID schemeID="0160">022440070</cbc:ID>
			</cac:StandardItemIdentification>
			<cac:ItemInstance>
				<!--Lotto-->
				<cac:LotIdentification>
					<cbc:LotNumberID>987645FF</cbc:LotNumberID>
					<cbc:ExpiryDate>2019-06-20</cbc:ExpiryDate>
				</cac:LotIdentification>
			</cac:ItemInstance>
		</cac:Item>
	</cac:DespatchLine>
	<cac:DespatchLine>
		<cbc:ID>3</cbc:ID>
		<cbc:Note>Quantità Ordinati su Ordine:10 Prova Inevasa 3</cbc:Note>
		<cbc:DeliveredQuantity unitCode="NAR">6</cbc:DeliveredQuantity>
		<cbc:OutstandingQuantity unitCode="NAR">3</cbc:OutstandingQuantity>
		<cbc:OutstandingReason>Quantità da spedire successivamente con altro DDT. Uno fuori mercato</cbc:OutstandingReason>
		<cac:OrderLineReference>
			<cbc:LineID>1</cbc:LineID>
			<cac:OrderReference>
				<cbc:ID>300#2014-08-25#ufr9wk</cbc:ID>
			</cac:OrderReference>
		</cac:OrderLineReference>
		<cac:Item>
			<cbc:Name>Buscopan</cbc:Name>
			<cac:SellersItemIdentification>
				<cbc:ID>00987554</cbc:ID>
			</cac:SellersItemIdentification>
			<cac:StandardItemIdentification>
				<cbc:ID schemeID="0160">045640070</cbc:ID>
			</cac:StandardItemIdentification>
			<cac:ItemInstance>
				<!--Lotto-->
				<cac:LotIdentification>
					<cbc:LotNumberID>987325HB</cbc:LotNumberID>
					<cbc:ExpiryDate>2022-02-15</cbc:ExpiryDate>
				</cac:LotIdentification>
			</cac:ItemInstance>
		</cac:Item>
	</cac:DespatchLine>
</DespatchAdvice>
