<?xml version="1.0" encoding="UTF-8"?>
<Invoice xmlns:ccts="urn:un:unece:uncefact:documentation:2" xmlns:cr="http://www.ubl-italia.org/ns/CrossReference" xmlns:xsd="http://www.w3.org/2001/XMLSchema" xmlns:ext="urn:oasis:names:specification:ubl:schema:xsd:CommonExtensionComponents-2" xmlns:cac="urn:oasis:names:specification:ubl:schema:xsd:CommonAggregateComponents-2" xmlns:cbc="urn:oasis:names:specification:ubl:schema:xsd:CommonBasicComponents-2" xmlns="urn:oasis:names:specification:ubl:schema:xsd:Invoice-2">
  <cbc:CustomizationID>urn:cen.eu:en16931:2017#compliant#urn:fdc:peppol.eu:2017:poacc:billing:3.0</cbc:CustomizationID>
  <cbc:ProfileID>urn:fdc:peppol.eu:2017:poacc:billing:01:1.0</cbc:ProfileID>
  <cbc:ID>FAT02</cbc:ID>
  <cbc:IssueDate>2016-05-18</cbc:IssueDate>
  <cbc:InvoiceTypeCode>380</cbc:InvoiceTypeCode>
  <cbc:DocumentCurrencyCode>EUR</cbc:DocumentCurrencyCode>
  <cac:OrderReference>
    <cbc:ID>123</cbc:ID>
  </cac:OrderReference>
  <cac:AccountingSupplierParty>
    <cac:Party>
      <cbc:EndpointID schemeID="0201">ABCDEF</cbc:EndpointID>
      <cac:PartyName>
        <cbc:Name>Fornitore s.p.a.</cbc:Name>
      </cac:PartyName>
      <cac:PostalAddress>
        <cbc:StreetName>Via della Colombaia, 12</cbc:StreetName>
        <cbc:CityName>Bologna</cbc:CityName>
        <cbc:PostalZone>40121</cbc:PostalZone>
        <cbc:CountrySubentity>BO</cbc:CountrySubentity>
        <cac:Country>
          <cbc:IdentificationCode>IT</cbc:IdentificationCode>
        </cac:Country>
      </cac:PostalAddress>
      <cac:PartyTaxScheme>
        <cbc:CompanyID>IT12345678911</cbc:CompanyID>
        <cac:TaxScheme>
          <cbc:ID>VAT</cbc:ID>
        </cac:TaxScheme>
      </cac:PartyTaxScheme>
      <cac:PartyLegalEntity>
        <cbc:RegistrationName>Fornitore s.p.a.</cbc:RegistrationName>
      </cac:PartyLegalEntity>
    </cac:Party>
  </cac:AccountingSupplierParty>
  <cac:AccountingCustomerParty>
    <cac:Party>
      <cbc:EndpointID schemeID="0205">XXXXXXX</cbc:EndpointID>
    <cac:PartyName>
      <cbc:Name>Bayer AG</cbc:Name>
    </cac:PartyName>
    <cac:PostalAddress>
      <cbc:StreetName>Fritzstrasse, 2</cbc:StreetName>
      <cbc:CityName>Leverkusen</cbc:CityName>
      <cbc:PostalZone>51368</cbc:PostalZone>
      <cac:Country>
        <cbc:IdentificationCode>DE</cbc:IdentificationCode>
      </cac:Country>
    </cac:PostalAddress>
    <cac:PartyTaxScheme>
      <cbc:CompanyID>DE584913015</cbc:CompanyID>
      <cac:TaxScheme>
        <cbc:ID>VAT</cbc:ID>
      </cac:TaxScheme>
    </cac:PartyTaxScheme>
    <cac:PartyLegalEntity>
      <cbc:RegistrationName>Fornitore estero</cbc:RegistrationName>
    </cac:PartyLegalEntity>
  </cac:Party>
</cac:AccountingCustomerParty>
<cac:PaymentMeans>
  <cbc:PaymentMeansCode>15</cbc:PaymentMeansCode>
  <cac:PayeeFinancialAccount>
    <cbc:ID>IT64W0100003245243300306301</cbc:ID>
    <cac:FinancialInstitutionBranch>
      <cbc:ID>UNCRIT2B</cbc:ID>
    </cac:FinancialInstitutionBranch>
  </cac:PayeeFinancialAccount>
</cac:PaymentMeans>
<cac:PaymentTerms>
  <cbc:Note>D.LGS. 231/2002 S.M.I</cbc:Note>
</cac:PaymentTerms>
<cac:TaxTotal>
  <cbc:TaxAmount currencyID="EUR">0.00</cbc:TaxAmount>
  <cac:TaxSubtotal>
    <cbc:TaxableAmount currencyID="EUR">100.00</cbc:TaxableAmount>
    <cbc:TaxAmount currencyID="EUR">0.00</cbc:TaxAmount>
    <cac:TaxCategory>
      <cbc:ID>G</cbc:ID>
      <cbc:Percent>0</cbc:Percent>
      <cbc:TaxExemptionReasonCode>vatex-eu-g</cbc:TaxExemptionReasonCode>
      <cbc:TaxExemptionReason>N3.1</cbc:TaxExemptionReason>
      <cac:TaxScheme>
        <cbc:ID>VAT</cbc:ID>
      </cac:TaxScheme>
    </cac:TaxCategory>
  </cac:TaxSubtotal>
</cac:TaxTotal>
<cac:LegalMonetaryTotal>
  <cbc:LineExtensionAmount currencyID="EUR">100.00</cbc:LineExtensionAmount>
  <cbc:TaxExclusiveAmount currencyID="EUR">100.00</cbc:TaxExclusiveAmount>
  <cbc:TaxInclusiveAmount currencyID="EUR">100.00</cbc:TaxInclusiveAmount>
  <cbc:PayableAmount currencyID="EUR">100.00</cbc:PayableAmount>
</cac:LegalMonetaryTotal>
<cac:InvoiceLine>
  <cbc:ID>1</cbc:ID>
  <cbc:InvoicedQuantity unitCode="C62">5.00000000</cbc:InvoicedQuantity>
  <cbc:LineExtensionAmount currencyID="EUR">100.00</cbc:LineExtensionAmount>
  <cbc:AccountingCost>B09.01.068</cbc:AccountingCost>
  <cac:DespatchLineReference>
    <cbc:LineID>NA</cbc:LineID>
    <cac:DocumentReference>
      <cbc:ID>229032/B</cbc:ID>
      <cbc:IssueDate>2016-05-15</cbc:IssueDate>
    </cac:DocumentReference>
  </cac:DespatchLineReference>
  <cac:Item>
    <cbc:Name>Scatolette di passata di pomodoro 0.5</cbc:Name>
    <cac:SellersItemIdentification>
      <cbc:ID>689910</cbc:ID>
    </cac:SellersItemIdentification>
    <cac:ClassifiedTaxCategory>
      <cbc:ID>G</cbc:ID>
      <cbc:Percent>0</cbc:Percent>
      <cac:TaxScheme>
        <cbc:ID>VAT</cbc:ID>
      </cac:TaxScheme>
    </cac:ClassifiedTaxCategory>
    <cac:AdditionalItemProperty>
      <cbc:Name>IT:NATURA</cbc:Name>
      <cbc:Value>N3.1</cbc:Value>
    </cac:AdditionalItemProperty>
  </cac:Item>
  <cac:Price>
    <cbc:PriceAmount currencyID="EUR">20.00000000</cbc:PriceAmount>
    <cbc:BaseQuantity unitCode="C62">1</cbc:BaseQuantity>
  </cac:Price>
</cac:InvoiceLine>
</Invoice>
