<?xml version="1.0" encoding="UTF-8"?>
<Invoice xmlns="urn:oasis:names:specification:ubl:schema:xsd:Invoice-2" xmlns:cac="urn:oasis:names:specification:ubl:schema:xsd:CommonAggregateComponents-2" xmlns:cbc="urn:oasis:names:specification:ubl:schema:xsd:CommonBasicComponents-2" xmlns:ccts="urn:un:unece:uncefact:documentation:2" xmlns:ext="urn:oasis:names:specification:ubl:schema:xsd:CommonExtensionComponents-2" xmlns:qdt="urn:oasis:names:specification:ubl:schema:xsd:QualifiedDatatypes-2" xmlns:udt="urn:un:unece:uncefact:data:specification:UnqualifiedDataTypesSchemaModule:2" xmlns:xsd="http://www.w3.org/2001/XMLSchema" xmlns:xsi="http://www.w3.org/2001/XMLSchema-instance" xmlns:cr="http://www.ubl-italia.org/ns/CrossReference" xsi:schemaLocation="urn:oasis:names:specification:ubl:schema:xsd:Invoice-2 UBL-Invoice-2.1.xsd">
<cbc:CustomizationID>urn:cen.eu:en16931:2017#compliant#urn:fdc:peppol.eu:2017:poacc:billing:3.0</cbc:CustomizationID>
<cbc:ProfileID>urn:fdc:peppol.eu:2017:poacc:billing:01:1.0</cbc:ProfileID>
<cbc:ID>1316/85</cbc:ID>
<cbc:IssueDate>2020-02-13</cbc:IssueDate>
<cbc:InvoiceTypeCode>380</cbc:InvoiceTypeCode>
<cbc:Note>Scissione Pagamenti</cbc:Note>
<cbc:DocumentCurrencyCode>EUR</cbc:DocumentCurrencyCode>
<cbc:BuyerReference>110#2020-02-05#ABCDEF</cbc:BuyerReference>
<cac:ContractDocumentReference>
  <cbc:ID>123Contractref</cbc:ID>
</cac:ContractDocumentReference>
<cac:AdditionalDocumentReference>
  <cbc:ID schemeID="AVV">RDA7DQ</cbc:ID>
  <cbc:DocumentTypeCode>130</cbc:DocumentTypeCode>
</cac:AdditionalDocumentReference>
<cac:AccountingSupplierParty>
  <cac:Party>
    <cbc:EndpointID schemeID="0201">UF6ZD5</cbc:EndpointID>
    <cac:PartyName>
      <cbc:Name>Azienda Unita Sanitaria Locale di Reggio Emilia</cbc:Name>
    </cac:PartyName>
    <cac:PostalAddress>
      <cbc:StreetName>Via Amendola,2</cbc:StreetName>
      <cbc:CityName>REGGIO NELL&apos;EMILIA</cbc:CityName>
      <cbc:PostalZone>42100</cbc:PostalZone>
      <cbc:CountrySubentity>RE</cbc:CountrySubentity>
      <cac:Country>
        <cbc:IdentificationCode>IT</cbc:IdentificationCode>
      </cac:Country>
    </cac:PostalAddress>
    <cac:PartyTaxScheme>
      <cbc:CompanyID>IT01598570354</cbc:CompanyID>
      <cac:TaxScheme>
        <cbc:ID>VAT</cbc:ID>
      </cac:TaxScheme>
    </cac:PartyTaxScheme>
    <cac:PartyLegalEntity>
      <cbc:RegistrationName>Azienda Unita Sanitaria Locale di Reggio Emilia</cbc:RegistrationName>
    </cac:PartyLegalEntity>
  </cac:Party>
</cac:AccountingSupplierParty>
<cac:AccountingCustomerParty>
  <cac:Party>
    <cbc:EndpointID schemeID="0201">UFLCTZ</cbc:EndpointID>
    <cac:PartyName>
      <cbc:Name>AZIENDA USL DI MODENA</cbc:Name>
    </cac:PartyName>
    <cac:PostalAddress>
      <cbc:StreetName>VIA SAN GIOVANNI DEL CANTONE 23</cbc:StreetName>
      <cbc:CityName>MODENA</cbc:CityName>
      <cbc:PostalZone>41121</cbc:PostalZone>
      <cbc:CountrySubentity>MO</cbc:CountrySubentity>
      <cac:Country>
        <cbc:IdentificationCode>IT</cbc:IdentificationCode>
      </cac:Country>
    </cac:PostalAddress>
    <cac:PartyTaxScheme>
      <cbc:CompanyID>IT02241850367</cbc:CompanyID>
      <cac:TaxScheme>
        <cbc:ID>VAT</cbc:ID>
      </cac:TaxScheme>
    </cac:PartyTaxScheme>
    <cac:PartyLegalEntity>
      <cbc:RegistrationName>AZ.UNITA SANI.LOCALE DELLA ROMAGNA</cbc:RegistrationName>
    </cac:PartyLegalEntity>
  </cac:Party>
</cac:AccountingCustomerParty>
<cac:PaymentMeans>
  <cbc:PaymentMeansCode>15</cbc:PaymentMeansCode>
  <cbc:PaymentID>123456789012345</cbc:PaymentID>
  <cac:PayeeFinancialAccount>
		<cbc:ID>IT64W0100003245243300306301</cbc:ID>
    <cac:FinancialInstitutionBranch>
      <cbc:ID>UNCRIT2B</cbc:ID>
    </cac:FinancialInstitutionBranch>
  </cac:PayeeFinancialAccount>
</cac:PaymentMeans>
<cac:PaymentTerms>
  <cbc:Note>D.LGS. 231/2002 S.M.I</cbc:Note>
</cac:PaymentTerms>
<cac:TaxTotal>
  <cbc:TaxAmount currencyID="EUR">274.12</cbc:TaxAmount>
  <cac:TaxSubtotal>
    <cbc:TaxableAmount currencyID="EUR">1246.00</cbc:TaxableAmount>
    <cbc:TaxAmount currencyID="EUR">274.12</cbc:TaxAmount>
    <cac:TaxCategory>
      <cbc:ID>B</cbc:ID>
      <cbc:Percent>22</cbc:Percent>
      <cac:TaxScheme>
        <cbc:ID>VAT</cbc:ID>
      </cac:TaxScheme>
    </cac:TaxCategory>
  </cac:TaxSubtotal>
</cac:TaxTotal>
<cac:LegalMonetaryTotal>
  <cbc:LineExtensionAmount currencyID="EUR">1246.00</cbc:LineExtensionAmount>
  <cbc:TaxExclusiveAmount currencyID="EUR">1246.00</cbc:TaxExclusiveAmount>
  <cbc:TaxInclusiveAmount currencyID="EUR">1520.12</cbc:TaxInclusiveAmount>
  <cbc:PrepaidAmount currencyID="EUR">274.12</cbc:PrepaidAmount>
  <cbc:PayableAmount currencyID="EUR">1246.00</cbc:PayableAmount>
</cac:LegalMonetaryTotal>
<cac:InvoiceLine>
  <cbc:ID>1</cbc:ID>
  <cbc:InvoicedQuantity unitCode="C62">20.00000000</cbc:InvoicedQuantity>
  <cbc:LineExtensionAmount currencyID="EUR">1246.00</cbc:LineExtensionAmount>
  <cbc:AccountingCost>B09.01.068</cbc:AccountingCost>
  <cac:DocumentReference>
    <cbc:ID>229032/B</cbc:ID>
    <cbc:DocumentTypeCode>130</cbc:DocumentTypeCode>
  </cac:DocumentReference>
  <cac:Item>
    <cbc:Name>EBIXA 5MG/EROGAZIONE SOL.ORALE 50 ML</cbc:Name>
    <cac:SellersItemIdentification>
      <cbc:ID>689910</cbc:ID>
    </cac:SellersItemIdentification>
    <cac:ClassifiedTaxCategory>
      <cbc:ID>B</cbc:ID>
      <cbc:Percent>22</cbc:Percent>
      <cac:TaxScheme>
        <cbc:ID>VAT</cbc:ID>
      </cac:TaxScheme>
    </cac:ClassifiedTaxCategory>
  </cac:Item>
  <cac:Price>
    <cbc:PriceAmount currencyID="EUR">62.30000000</cbc:PriceAmount>
  </cac:Price>
</cac:InvoiceLine>
</Invoice>
