<Invoice xmlns="urn:oasis:names:specification:ubl:schema:xsd:Invoice-2" xmlns:cac="urn:oasis:names:specification:ubl:schema:xsd:CommonAggregateComponents-2" xmlns:cbc="urn:oasis:names:specification:ubl:schema:xsd:CommonBasicComponents-2" xmlns:ccts="urn:un:unece:uncefact:documentation:2" xmlns:ext="urn:oasis:names:specification:ubl:schema:xsd:CommonExtensionComponents-2" xmlns:qdt="urn:oasis:names:specification:ubl:schema:xsd:QualifiedDatatypes-2" xmlns:udt="urn:un:unece:uncefact:data:specification:UnqualifiedDataTypesSchemaModule:2" xmlns:xsd="http://www.w3.org/2001/XMLSchema" xmlns:xsi="http://www.w3.org/2001/XMLSchema-instance" xmlns:cr="http://www.ubl-italia.org/ns/CrossReference" xsi:schemaLocation="urn:oasis:names:specification:ubl:schema:xsd:Invoice-2 UBL-Invoice-2.1.xsd">
	<ext:UBLExtensions>
		<ext:UBLExtension>
			<ext:ExtensionURI>urn:fdc:agid.gov.it:fatturapa:TipoDocumento</ext:ExtensionURI>
			<ext:ExtensionContent>
				<cbc:TypeCode>TD01</cbc:TypeCode>
			</ext:ExtensionContent>
		</ext:UBLExtension>
		<ext:UBLExtension>
			<ext:ExtensionURI>urn:fdc:agid.gov.it:fatturapa:TipoRitenuta::1</ext:ExtensionURI>
			<ext:ExtensionContent>
				<cbc:TypeCode>RT01</cbc:TypeCode>
			</ext:ExtensionContent>
		</ext:UBLExtension>
	</ext:UBLExtensions>
	<cbc:CustomizationID>urn:cen.eu:en16931:2017#compliant#urn:fdc:peppol.eu:2017:poacc:billing:3.0#conformant#urn:www.agid.gov.it:trns:fattura:3.0</cbc:CustomizationID>
	<cbc:ProfileID>urn:fdc:peppol.eu:2017:poacc:billing:01:1.0</cbc:ProfileID>
	<cbc:ID>1316/85</cbc:ID>
	<cbc:IssueDate>2016-12-31</cbc:IssueDate>
	<cbc:InvoiceTypeCode>380</cbc:InvoiceTypeCode>
	<cbc:DocumentCurrencyCode>EUR</cbc:DocumentCurrencyCode>
	<cac:OrderReference>
		<cbc:ID>123</cbc:ID>
	</cac:OrderReference>
	<cac:AccountingSupplierParty>
		<cac:Party>
			<cbc:EndpointID schemeID="9906">IT01234567890</cbc:EndpointID>
			<cac:PartyName>
				<cbc:Name>Progetti di Neri Claudio</cbc:Name>
			</cac:PartyName>
			<cac:PostalAddress>
				<cbc:StreetName>Via Amendola,2</cbc:StreetName>
				<cbc:CityName>REGGIO EMILIA</cbc:CityName>
				<cbc:PostalZone>42100</cbc:PostalZone>
				<cbc:CountrySubentity>RE</cbc:CountrySubentity>
				<cac:Country>
					<cbc:IdentificationCode>IT</cbc:IdentificationCode>
				</cac:Country>
			</cac:PostalAddress>
			<cac:PartyTaxScheme>
				<cbc:CompanyID>IT01234567890</cbc:CompanyID>
				<cbc:TaxLevelCode>RF01</cbc:TaxLevelCode>
				<cac:TaxScheme>
					<cbc:ID>VAT</cbc:ID>
				</cac:TaxScheme>
			</cac:PartyTaxScheme>
			<cac:PartyLegalEntity>
				<cbc:RegistrationName>Progetti di Neri Claudio</cbc:RegistrationName>
				<cbc:CompanyID>CF:NRICLD68M06E463H</cbc:CompanyID>
			</cac:PartyLegalEntity>
			<cac:ServiceProviderParty>
				<cac:Party>
					<cac:PartyName>
						<cbc:Name>Intermediario S.r.l.</cbc:Name>
					</cac:PartyName>
					<cac:PartyTaxScheme>
						<cbc:CompanyID>IT01234667899</cbc:CompanyID>
						<cac:TaxScheme>
							<cbc:ID>VAT</cbc:ID>
						</cac:TaxScheme>
					</cac:PartyTaxScheme>
				</cac:Party>
			</cac:ServiceProviderParty>
		</cac:Party>
	</cac:AccountingSupplierParty>
	<cac:AccountingCustomerParty>
		<cac:Party>
			<cbc:EndpointID schemeID="0205">L0U7KO4</cbc:EndpointID>
			<cac:PartyName>
				<cbc:Name>PIPPO S.P.A.</cbc:Name>
			</cac:PartyName>
			<cac:PostalAddress>
				<cbc:StreetName>VIA SAN GIOVANNI DEL CANTONE 23</cbc:StreetName>
				<cbc:CityName>MODENA</cbc:CityName>
				<cbc:PostalZone>41121</cbc:PostalZone>
				<cbc:CountrySubentity>MO</cbc:CountrySubentity>
				<cac:Country>
					<cbc:IdentificationCode>IT</cbc:IdentificationCode>
				</cac:Country>
			</cac:PostalAddress>
			<cac:PartyTaxScheme>
				<cbc:CompanyID>IT07643520567</cbc:CompanyID>
				<cac:TaxScheme>
					<cbc:ID>VAT</cbc:ID>
				</cac:TaxScheme>
			</cac:PartyTaxScheme>
			<cac:PartyLegalEntity>
				<cbc:RegistrationName>PIPPO S.P.A.</cbc:RegistrationName>
				<cbc:CompanyID>CF:12374362300</cbc:CompanyID>
			</cac:PartyLegalEntity>
		</cac:Party>
	</cac:AccountingCustomerParty>
	<cac:PaymentMeans>
		<cbc:PaymentMeansCode>30</cbc:PaymentMeansCode>
		<cac:PayeeFinancialAccount>
			<cbc:ID>IT64W0100003245243300306301</cbc:ID>
			<cac:FinancialInstitutionBranch>
	      <cbc:ID>UNCRIT2B</cbc:ID>
	    </cac:FinancialInstitutionBranch>
		</cac:PayeeFinancialAccount>
	</cac:PaymentMeans>
	<cac:PaymentTerms>
		<cbc:Note>D.LGS. 231/2002 S.M.I</cbc:Note>
	</cac:PaymentTerms>
	<!-- Rivalsa INPS 4% -->
	<cac:AllowanceCharge>
		<cbc:ChargeIndicator>true</cbc:ChargeIndicator>
		<cbc:AllowanceChargeReasonCode>ZZZ</cbc:AllowanceChargeReasonCode>
		<cbc:AllowanceChargeReason>TC22#SI##2020</cbc:AllowanceChargeReason>
		<cbc:MultiplierFactorNumeric>4</cbc:MultiplierFactorNumeric>
		<cbc:Amount currencyID="EUR">40.00</cbc:Amount>
		<cbc:BaseAmount currencyID="EUR">1000.00</cbc:BaseAmount>
		<cac:TaxCategory>
			<cbc:ID>S</cbc:ID>
			<cbc:Percent>22</cbc:Percent>
			<cac:TaxScheme>
				<cbc:ID>VAT</cbc:ID>
			</cac:TaxScheme>
		</cac:TaxCategory>
	</cac:AllowanceCharge>
	<cac:TaxTotal>
		<cbc:TaxAmount currencyID="EUR">228.80</cbc:TaxAmount>
		<cac:TaxSubtotal>
			<cbc:TaxableAmount currencyID="EUR">1040.00</cbc:TaxableAmount>
			<cbc:TaxAmount currencyID="EUR">228.80</cbc:TaxAmount>
			<cac:TaxCategory>
				<cbc:ID>S</cbc:ID>
				<cbc:Percent>22.00</cbc:Percent>
				<cac:TaxScheme>
					<cbc:ID>VAT</cbc:ID>
				</cac:TaxScheme>
			</cac:TaxCategory>
		</cac:TaxSubtotal>
	</cac:TaxTotal>
	<!-- Ritenuta d'acconto su imponibile prestazione e rivalsa INPS -->
	<cac:WithholdingTaxTotal>
		<cbc:TaxAmount currencyID="EUR">208.00</cbc:TaxAmount>
		<cac:TaxSubtotal>
			<cbc:TaxableAmount currencyID="EUR">1040.00</cbc:TaxableAmount>
			<cbc:TaxAmount currencyID="EUR">208.00</cbc:TaxAmount>
			<cac:TaxCategory>
				<cbc:ID>S</cbc:ID>
				<cbc:Percent>20.00</cbc:Percent>
				<cac:TaxScheme>
					<cbc:ID>SWT</cbc:ID>
					<cbc:TaxTypeCode>A</cbc:TaxTypeCode>
				</cac:TaxScheme>
			</cac:TaxCategory>
		</cac:TaxSubtotal>
	</cac:WithholdingTaxTotal>
	<cac:LegalMonetaryTotal>
		<cbc:LineExtensionAmount currencyID="EUR">1000.00</cbc:LineExtensionAmount>
		<cbc:TaxExclusiveAmount currencyID="EUR">1040.00</cbc:TaxExclusiveAmount>
		<cbc:TaxInclusiveAmount currencyID="EUR">1268.80</cbc:TaxInclusiveAmount>
		<cbc:ChargeTotalAmount currencyID="EUR">40.00</cbc:ChargeTotalAmount>
		<cbc:PrepaidAmount currencyID="EUR">208.00</cbc:PrepaidAmount>
		<cbc:PayableAmount currencyID="EUR">1060.80</cbc:PayableAmount>
	</cac:LegalMonetaryTotal>
	<cac:InvoiceLine>
		<cbc:ID>1</cbc:ID>
		<cbc:InvoicedQuantity unitCode="NAR">1.00</cbc:InvoicedQuantity>
		<cbc:LineExtensionAmount currencyID="EUR">1000.00</cbc:LineExtensionAmount>
		<cac:Item>
			<cbc:Name>Imponibile prestazione professionale</cbc:Name>
			<cac:ClassifiedTaxCategory>
				<cbc:ID>S</cbc:ID>
				<cbc:Percent>22.00</cbc:Percent>
				<cac:TaxScheme>
					<cbc:ID>VAT</cbc:ID>
				</cac:TaxScheme>
			</cac:ClassifiedTaxCategory>
		</cac:Item>
		<cac:Price>
			<cbc:PriceAmount currencyID="EUR">1000.00</cbc:PriceAmount>
		</cac:Price>
	</cac:InvoiceLine>
</Invoice>
