<?xml version="1.0" encoding="UTF-8"?>
<Invoice xmlns:ccts="urn:un:unece:uncefact:documentation:2"
	xmlns:cr="http://www.ubl-italia.org/ns/CrossReference"
	xmlns:xsd="http://www.w3.org/2001/XMLSchema"
	xmlns:ext="urn:oasis:names:specification:ubl:schema:xsd:CommonExtensionComponents-2"
	xmlns:cac="urn:oasis:names:specification:ubl:schema:xsd:CommonAggregateComponents-2"
	xmlns:cbc="urn:oasis:names:specification:ubl:schema:xsd:CommonBasicComponents-2"
	xmlns="urn:oasis:names:specification:ubl:schema:xsd:Invoice-2">
	<cbc:CustomizationID>urn:cen.eu:en16931:2017#compliant#urn:fdc:peppol.eu:2017:poacc:billing:3.0#conformant#urn:www.agid.gov.it:trns:fattura:3</cbc:CustomizationID>
	<cbc:ProfileID>urn:fdc:peppol.eu:2017:poacc:billing:01:1.0</cbc:ProfileID>
	<cbc:ID>10_FT_BIS3_V23</cbc:ID>
	<cbc:IssueDate>2017-01-16</cbc:IssueDate>
	<cbc:InvoiceTypeCode>380</cbc:InvoiceTypeCode>
	<cbc:Note>Fattura con Natura N7 nota </cbc:Note>
	<cbc:DocumentCurrencyCode>EUR</cbc:DocumentCurrencyCode>
	<cbc:BuyerReference>#NO#</cbc:BuyerReference>
	<cac:OrderReference>
		<cbc:ID>123</cbc:ID>
	</cac:OrderReference>
	<cac:OriginatorDocumentReference>
		<cbc:ID>1Z1A3EE456</cbc:ID>
	</cac:OriginatorDocumentReference>
	<cac:AccountingSupplierParty>
		<cac:Party>
			<cbc:EndpointID schemeID="9930">DE296438571</cbc:EndpointID>
			<cac:PartyName>
				<cbc:Name>Bayer AG</cbc:Name>
			</cac:PartyName>
			<cac:PostalAddress>
				<cbc:StreetName>Fritzstrasse, 2</cbc:StreetName>
				<cbc:CityName>Leverkusen</cbc:CityName>
				<cbc:PostalZone>51368</cbc:PostalZone>
				<cac:Country>
					<cbc:IdentificationCode>DE</cbc:IdentificationCode>
				</cac:Country>
			</cac:PostalAddress>
			<cac:PartyTaxScheme>
				<cbc:CompanyID>DE584913015</cbc:CompanyID>
				<cac:TaxScheme>
					<cbc:ID>VAT</cbc:ID>
				</cac:TaxScheme>
			</cac:PartyTaxScheme>
			<cac:PartyLegalEntity>
				<cbc:RegistrationName>Bayer AG</cbc:RegistrationName>
			</cac:PartyLegalEntity>
		</cac:Party>
	</cac:AccountingSupplierParty>
	<cac:AccountingCustomerParty>
		<cac:Party>
			<cbc:EndpointID schemeID="0201">O92KTP</cbc:EndpointID>
			<cac:PartyIdentification>
				<cbc:ID schemeID="0210">01598570354</cbc:ID>
			</cac:PartyIdentification>
			<cac:PartyName>
				<cbc:Name>AZIENDA USL BOLOGNA</cbc:Name>
			</cac:PartyName>
			<cac:PostalAddress>
				<cbc:StreetName>VIA CASTIGLIONE, 29</cbc:StreetName>
				<cbc:CityName>BOLOGNA</cbc:CityName>
				<cbc:PostalZone>40124</cbc:PostalZone>
				<cbc:CountrySubentity>BO</cbc:CountrySubentity>
				<cac:Country>
					<cbc:IdentificationCode>IT</cbc:IdentificationCode>
				</cac:Country>
			</cac:PostalAddress>
			<cac:PartyTaxScheme>
				<cbc:CompanyID>IT01598570354</cbc:CompanyID>
				<cac:TaxScheme>
					<cbc:ID>VAT</cbc:ID>
				</cac:TaxScheme>
			</cac:PartyTaxScheme>
			<cac:PartyLegalEntity>
				<cbc:RegistrationName>AZIENDA USL BOLOGNA</cbc:RegistrationName>
			</cac:PartyLegalEntity>
		</cac:Party>
	</cac:AccountingCustomerParty>
	<cac:Delivery>
		<cbc:ActualDeliveryDate>2017-01-12</cbc:ActualDeliveryDate>
		<cac:DeliveryLocation>
			<cac:Address>
				<cbc:StreetName>VIA CASTIGLIONE, 29</cbc:StreetName>
				<cbc:CityName>BOLOGNA</cbc:CityName>
				<cbc:PostalZone>40124</cbc:PostalZone>
				<cbc:CountrySubentity>BO</cbc:CountrySubentity>
				<cac:Country>
					<cbc:IdentificationCode>IT</cbc:IdentificationCode>
				</cac:Country>
			</cac:Address>
		</cac:DeliveryLocation>
	</cac:Delivery>
	<cac:PaymentMeans>
		<cbc:PaymentMeansCode>30</cbc:PaymentMeansCode>
		<cbc:PaymentID>F20170000080004</cbc:PaymentID>
		<cac:PayeeFinancialAccount>
			<cbc:ID>BE50363111460518</cbc:ID>
			<cac:FinancialInstitutionBranch>
				<cbc:ID>UNCRIT2B</cbc:ID>
			</cac:FinancialInstitutionBranch>
		</cac:PayeeFinancialAccount>
	</cac:PaymentMeans>
	<cac:PaymentTerms>
		<cbc:Note>TP01</cbc:Note>
	</cac:PaymentTerms>
	<cac:TaxTotal>
		<cbc:TaxAmount currencyID="EUR">0.00</cbc:TaxAmount>
		<cac:TaxSubtotal>
			<cbc:TaxableAmount currencyID="EUR">5000.00</cbc:TaxableAmount>
			<cbc:TaxAmount currencyID="EUR">0.00</cbc:TaxAmount>
			<cac:TaxCategory>
				<cbc:ID>K</cbc:ID>
				<cbc:Percent>0</cbc:Percent>
				<cbc:TaxExemptionReasonCode>vatex-eu-151</cbc:TaxExemptionReasonCode>
				<cbc:TaxExemptionReason>N7</cbc:TaxExemptionReason>
				<cac:TaxScheme>
					<cbc:ID>VAT</cbc:ID>
				</cac:TaxScheme>
			</cac:TaxCategory>
		</cac:TaxSubtotal>
	</cac:TaxTotal>
	<cac:LegalMonetaryTotal>
		<cbc:LineExtensionAmount currencyID="EUR">5000.00</cbc:LineExtensionAmount>
		<cbc:TaxExclusiveAmount currencyID="EUR">5000.00</cbc:TaxExclusiveAmount>
		<cbc:TaxInclusiveAmount currencyID="EUR">5000.00</cbc:TaxInclusiveAmount>
		<cbc:PayableAmount currencyID="EUR">5000.00</cbc:PayableAmount>
	</cac:LegalMonetaryTotal>
	<cac:InvoiceLine>
		<cbc:ID>1</cbc:ID>
		<cbc:InvoicedQuantity unitCode="C62">100.00000000</cbc:InvoicedQuantity>
		<cbc:LineExtensionAmount currencyID="EUR">5000.00</cbc:LineExtensionAmount>
		<cbc:AccountingCost>B08.02.065</cbc:AccountingCost>
		<cac:InvoicePeriod>
			<cbc:StartDate>2018-07-01</cbc:StartDate>
			<cbc:EndDate>2018-08-31</cbc:EndDate>
		</cac:InvoicePeriod>
		<cac:Item>
			<cbc:Name>Vendita a Distanza</cbc:Name>
			<cac:SellersItemIdentification>
				<cbc:ID>53100020</cbc:ID>
			</cac:SellersItemIdentification>
			<cac:ClassifiedTaxCategory>
				<cbc:ID>K</cbc:ID>
				<cbc:Percent>0</cbc:Percent>
				<cac:TaxScheme>
					<cbc:ID>VAT</cbc:ID>
				</cac:TaxScheme>
			</cac:ClassifiedTaxCategory>
			<cac:AdditionalItemProperty>
				<cbc:Name>NATURA</cbc:Name>
				<cbc:Value>N7</cbc:Value>
			</cac:AdditionalItemProperty>
		</cac:Item>

		<cac:Price>
      <cbc:PriceAmount currencyID="EUR">50.000</cbc:PriceAmount>
      <cbc:BaseQuantity unitCode="C62">1</cbc:BaseQuantity>
      <cac:AllowanceCharge>
        <cbc:ChargeIndicator>false</cbc:ChargeIndicator>
        <cbc:Amount currencyID="EUR">0.00</cbc:Amount>
        <cbc:BaseAmount currencyID="EUR">50.000</cbc:BaseAmount>
      </cac:AllowanceCharge>
    </cac:Price>
	</cac:InvoiceLine>
</Invoice>
